id,product_id,url
1,276,http://dummyimage.com/364x513.png/dddddd/000000
2,904,http://dummyimage.com/320x218.png/dddddd/000000
3,451,http://dummyimage.com/570x217.png/dddddd/000000
4,203,http://dummyimage.com/256x347.png/cc0000/ffffff
5,698,http://dummyimage.com/317x113.png/ff4444/ffffff
6,657,http://dummyimage.com/158x443.png/5fa2dd/ffffff
7,999,http://dummyimage.com/133x600.png/ff4444/ffffff
8,742,http://dummyimage.com/317x289.png/dddddd/000000
9,194,http://dummyimage.com/627x334.png/5fa2dd/ffffff
10,399,http://dummyimage.com/159x334.png/dddddd/000000
11,483,http://dummyimage.com/515x129.png/dddddd/000000
12,642,http://dummyimage.com/217x433.png/5fa2dd/ffffff
13,508,http://dummyimage.com/453x430.png/5fa2dd/ffffff
14,65,http://dummyimage.com/183x372.png/cc0000/ffffff
15,849,http://dummyimage.com/558x199.png/dddddd/000000
16,562,http://dummyimage.com/552x612.png/5fa2dd/ffffff
17,876,http://dummyimage.com/582x315.png/dddddd/000000
18,929,http://dummyimage.com/271x110.png/cc0000/ffffff
19,445,http://dummyimage.com/609x273.png/dddddd/000000
20,513,http://dummyimage.com/337x448.png/5fa2dd/ffffff
21,240,http://dummyimage.com/459x238.png/5fa2dd/ffffff
22,106,http://dummyimage.com/356x112.png/cc0000/ffffff
23,933,http://dummyimage.com/501x258.png/cc0000/ffffff
24,136,http://dummyimage.com/374x290.png/cc0000/ffffff
25,733,http://dummyimage.com/256x333.png/dddddd/000000
26,16,http://dummyimage.com/132x375.png/dddddd/000000
27,487,http://dummyimage.com/458x138.png/ff4444/ffffff
28,433,http://dummyimage.com/624x172.png/cc0000/ffffff
29,518,http://dummyimage.com/265x305.png/ff4444/ffffff
30,554,http://dummyimage.com/240x237.png/5fa2dd/ffffff
31,289,http://dummyimage.com/229x419.png/ff4444/ffffff
32,763,http://dummyimage.com/502x464.png/ff4444/ffffff
33,766,http://dummyimage.com/279x387.png/ff4444/ffffff
34,255,http://dummyimage.com/236x559.png/cc0000/ffffff
35,961,http://dummyimage.com/298x335.png/5fa2dd/ffffff
36,596,http://dummyimage.com/230x545.png/cc0000/ffffff
37,951,http://dummyimage.com/165x372.png/cc0000/ffffff
38,461,http://dummyimage.com/194x348.png/dddddd/000000
39,963,http://dummyimage.com/435x158.png/5fa2dd/ffffff
40,942,http://dummyimage.com/242x217.png/dddddd/000000
41,521,http://dummyimage.com/316x467.png/dddddd/000000
42,186,http://dummyimage.com/221x335.png/5fa2dd/ffffff
43,831,http://dummyimage.com/546x236.png/5fa2dd/ffffff
44,622,http://dummyimage.com/153x342.png/ff4444/ffffff
45,871,http://dummyimage.com/158x237.png/ff4444/ffffff
46,492,http://dummyimage.com/228x239.png/dddddd/000000
47,557,http://dummyimage.com/497x513.png/dddddd/000000
48,589,http://dummyimage.com/428x627.png/dddddd/000000
49,627,http://dummyimage.com/590x424.png/ff4444/ffffff
50,613,http://dummyimage.com/453x248.png/cc0000/ffffff
51,609,http://dummyimage.com/245x281.png/5fa2dd/ffffff
52,627,http://dummyimage.com/601x223.png/5fa2dd/ffffff
53,485,http://dummyimage.com/429x375.png/ff4444/ffffff
54,307,http://dummyimage.com/330x217.png/ff4444/ffffff
55,477,http://dummyimage.com/394x495.png/dddddd/000000
56,560,http://dummyimage.com/595x149.png/dddddd/000000
57,485,http://dummyimage.com/255x434.png/dddddd/000000
58,62,http://dummyimage.com/588x442.png/cc0000/ffffff
59,951,http://dummyimage.com/618x443.png/5fa2dd/ffffff
60,959,http://dummyimage.com/408x293.png/cc0000/ffffff
61,128,http://dummyimage.com/163x591.png/ff4444/ffffff
62,680,http://dummyimage.com/345x459.png/cc0000/ffffff
63,471,http://dummyimage.com/274x132.png/dddddd/000000
64,924,http://dummyimage.com/549x121.png/5fa2dd/ffffff
65,638,http://dummyimage.com/364x632.png/ff4444/ffffff
66,250,http://dummyimage.com/327x168.png/ff4444/ffffff
67,628,http://dummyimage.com/616x544.png/dddddd/000000
68,536,http://dummyimage.com/260x405.png/5fa2dd/ffffff
69,562,http://dummyimage.com/357x117.png/ff4444/ffffff
70,76,http://dummyimage.com/477x275.png/cc0000/ffffff
71,340,http://dummyimage.com/195x116.png/dddddd/000000
72,247,http://dummyimage.com/418x544.png/cc0000/ffffff
73,246,http://dummyimage.com/116x534.png/5fa2dd/ffffff
74,487,http://dummyimage.com/284x448.png/5fa2dd/ffffff
75,283,http://dummyimage.com/325x391.png/ff4444/ffffff
76,258,http://dummyimage.com/386x350.png/ff4444/ffffff
77,919,http://dummyimage.com/622x401.png/dddddd/000000
78,385,http://dummyimage.com/141x299.png/ff4444/ffffff
79,727,http://dummyimage.com/285x297.png/cc0000/ffffff
80,385,http://dummyimage.com/386x181.png/5fa2dd/ffffff
81,411,http://dummyimage.com/318x389.png/5fa2dd/ffffff
82,119,http://dummyimage.com/341x258.png/ff4444/ffffff
83,160,http://dummyimage.com/577x637.png/ff4444/ffffff
84,214,http://dummyimage.com/586x607.png/5fa2dd/ffffff
85,559,http://dummyimage.com/107x391.png/5fa2dd/ffffff
86,487,http://dummyimage.com/474x376.png/cc0000/ffffff
87,568,http://dummyimage.com/277x533.png/dddddd/000000
88,998,http://dummyimage.com/230x563.png/5fa2dd/ffffff
89,202,http://dummyimage.com/348x231.png/ff4444/ffffff
90,228,http://dummyimage.com/581x267.png/5fa2dd/ffffff
91,835,http://dummyimage.com/477x527.png/dddddd/000000
92,169,http://dummyimage.com/399x627.png/ff4444/ffffff
93,224,http://dummyimage.com/466x263.png/5fa2dd/ffffff
94,116,http://dummyimage.com/459x636.png/cc0000/ffffff
95,19,http://dummyimage.com/397x565.png/5fa2dd/ffffff
96,986,http://dummyimage.com/218x479.png/dddddd/000000
97,923,http://dummyimage.com/220x440.png/dddddd/000000
98,12,http://dummyimage.com/403x149.png/5fa2dd/ffffff
99,828,http://dummyimage.com/216x429.png/ff4444/ffffff
100,957,http://dummyimage.com/475x176.png/5fa2dd/ffffff
101,384,http://dummyimage.com/408x601.png/cc0000/ffffff
102,112,http://dummyimage.com/485x212.png/ff4444/ffffff
103,119,http://dummyimage.com/194x465.png/5fa2dd/ffffff
104,420,http://dummyimage.com/285x547.png/5fa2dd/ffffff
105,709,http://dummyimage.com/189x403.png/cc0000/ffffff
106,39,http://dummyimage.com/345x394.png/dddddd/000000
107,240,http://dummyimage.com/229x216.png/cc0000/ffffff
108,678,http://dummyimage.com/231x200.png/5fa2dd/ffffff
109,448,http://dummyimage.com/316x169.png/dddddd/000000
110,410,http://dummyimage.com/535x194.png/5fa2dd/ffffff
111,271,http://dummyimage.com/350x387.png/dddddd/000000
112,985,http://dummyimage.com/329x171.png/5fa2dd/ffffff
113,414,http://dummyimage.com/236x301.png/dddddd/000000
114,119,http://dummyimage.com/472x595.png/ff4444/ffffff
115,666,http://dummyimage.com/466x376.png/5fa2dd/ffffff
116,29,http://dummyimage.com/186x242.png/ff4444/ffffff
117,284,http://dummyimage.com/540x312.png/cc0000/ffffff
118,171,http://dummyimage.com/133x469.png/ff4444/ffffff
119,81,http://dummyimage.com/397x295.png/dddddd/000000
120,812,http://dummyimage.com/594x194.png/5fa2dd/ffffff
121,152,http://dummyimage.com/186x578.png/ff4444/ffffff
122,920,http://dummyimage.com/249x366.png/cc0000/ffffff
123,742,http://dummyimage.com/307x508.png/ff4444/ffffff
124,616,http://dummyimage.com/351x541.png/cc0000/ffffff
125,189,http://dummyimage.com/428x242.png/dddddd/000000
126,618,http://dummyimage.com/443x103.png/dddddd/000000
127,390,http://dummyimage.com/639x573.png/5fa2dd/ffffff
128,441,http://dummyimage.com/177x118.png/ff4444/ffffff
129,230,http://dummyimage.com/223x368.png/5fa2dd/ffffff
130,311,http://dummyimage.com/429x339.png/dddddd/000000
131,9,http://dummyimage.com/508x369.png/5fa2dd/ffffff
132,948,http://dummyimage.com/265x260.png/ff4444/ffffff
133,303,http://dummyimage.com/364x522.png/dddddd/000000
134,619,http://dummyimage.com/577x517.png/5fa2dd/ffffff
135,488,http://dummyimage.com/128x402.png/5fa2dd/ffffff
136,40,http://dummyimage.com/544x579.png/ff4444/ffffff
137,126,http://dummyimage.com/154x336.png/ff4444/ffffff
138,512,http://dummyimage.com/496x300.png/ff4444/ffffff
139,82,http://dummyimage.com/269x485.png/5fa2dd/ffffff
140,189,http://dummyimage.com/618x449.png/ff4444/ffffff
141,155,http://dummyimage.com/360x429.png/ff4444/ffffff
142,843,http://dummyimage.com/227x436.png/dddddd/000000
143,69,http://dummyimage.com/337x204.png/cc0000/ffffff
144,37,http://dummyimage.com/291x394.png/cc0000/ffffff
145,312,http://dummyimage.com/525x302.png/ff4444/ffffff
146,558,http://dummyimage.com/107x124.png/dddddd/000000
147,293,http://dummyimage.com/457x177.png/ff4444/ffffff
148,323,http://dummyimage.com/577x334.png/ff4444/ffffff
149,881,http://dummyimage.com/241x556.png/cc0000/ffffff
150,298,http://dummyimage.com/548x392.png/ff4444/ffffff
151,752,http://dummyimage.com/389x507.png/dddddd/000000
152,831,http://dummyimage.com/241x242.png/cc0000/ffffff
153,394,http://dummyimage.com/274x163.png/5fa2dd/ffffff
154,169,http://dummyimage.com/110x428.png/cc0000/ffffff
155,621,http://dummyimage.com/456x318.png/5fa2dd/ffffff
156,873,http://dummyimage.com/338x293.png/dddddd/000000
157,716,http://dummyimage.com/162x568.png/dddddd/000000
158,761,http://dummyimage.com/365x524.png/dddddd/000000
159,725,http://dummyimage.com/210x144.png/cc0000/ffffff
160,689,http://dummyimage.com/245x194.png/dddddd/000000
161,10,http://dummyimage.com/415x490.png/cc0000/ffffff
162,710,http://dummyimage.com/612x323.png/cc0000/ffffff
163,506,http://dummyimage.com/249x367.png/5fa2dd/ffffff
164,301,http://dummyimage.com/207x152.png/ff4444/ffffff
165,325,http://dummyimage.com/581x515.png/dddddd/000000
166,609,http://dummyimage.com/116x149.png/5fa2dd/ffffff
167,294,http://dummyimage.com/513x362.png/cc0000/ffffff
168,620,http://dummyimage.com/159x591.png/dddddd/000000
169,864,http://dummyimage.com/287x465.png/cc0000/ffffff
170,792,http://dummyimage.com/619x208.png/cc0000/ffffff
171,489,http://dummyimage.com/469x632.png/cc0000/ffffff
172,29,http://dummyimage.com/618x623.png/dddddd/000000
173,518,http://dummyimage.com/314x212.png/5fa2dd/ffffff
174,665,http://dummyimage.com/102x451.png/cc0000/ffffff
175,763,http://dummyimage.com/479x222.png/cc0000/ffffff
176,788,http://dummyimage.com/509x319.png/5fa2dd/ffffff
177,544,http://dummyimage.com/347x253.png/5fa2dd/ffffff
178,52,http://dummyimage.com/616x206.png/dddddd/000000
179,940,http://dummyimage.com/625x532.png/cc0000/ffffff
180,664,http://dummyimage.com/421x396.png/ff4444/ffffff
181,483,http://dummyimage.com/584x601.png/ff4444/ffffff
182,758,http://dummyimage.com/545x125.png/dddddd/000000
183,916,http://dummyimage.com/254x216.png/ff4444/ffffff
184,81,http://dummyimage.com/484x625.png/dddddd/000000
185,688,http://dummyimage.com/633x631.png/5fa2dd/ffffff
186,930,http://dummyimage.com/250x457.png/cc0000/ffffff
187,726,http://dummyimage.com/474x358.png/dddddd/000000
188,19,http://dummyimage.com/612x491.png/ff4444/ffffff
189,691,http://dummyimage.com/617x385.png/ff4444/ffffff
190,516,http://dummyimage.com/410x385.png/cc0000/ffffff
191,602,http://dummyimage.com/525x256.png/5fa2dd/ffffff
192,402,http://dummyimage.com/393x456.png/ff4444/ffffff
193,453,http://dummyimage.com/365x430.png/ff4444/ffffff
194,281,http://dummyimage.com/593x293.png/cc0000/ffffff
195,789,http://dummyimage.com/271x196.png/dddddd/000000
196,835,http://dummyimage.com/563x270.png/cc0000/ffffff
197,687,http://dummyimage.com/296x229.png/5fa2dd/ffffff
198,421,http://dummyimage.com/290x539.png/dddddd/000000
199,309,http://dummyimage.com/591x252.png/dddddd/000000
200,819,http://dummyimage.com/599x485.png/cc0000/ffffff
201,782,http://dummyimage.com/207x205.png/cc0000/ffffff
202,332,http://dummyimage.com/216x502.png/ff4444/ffffff
203,151,http://dummyimage.com/131x541.png/cc0000/ffffff
204,59,http://dummyimage.com/191x243.png/dddddd/000000
205,779,http://dummyimage.com/489x331.png/cc0000/ffffff
206,161,http://dummyimage.com/324x533.png/dddddd/000000
207,545,http://dummyimage.com/393x212.png/ff4444/ffffff
208,457,http://dummyimage.com/572x117.png/ff4444/ffffff
209,425,http://dummyimage.com/617x309.png/ff4444/ffffff
210,665,http://dummyimage.com/374x584.png/cc0000/ffffff
211,279,http://dummyimage.com/519x588.png/dddddd/000000
212,80,http://dummyimage.com/163x168.png/ff4444/ffffff
213,383,http://dummyimage.com/640x157.png/ff4444/ffffff
214,935,http://dummyimage.com/602x597.png/cc0000/ffffff
215,81,http://dummyimage.com/328x639.png/ff4444/ffffff
216,33,http://dummyimage.com/634x617.png/ff4444/ffffff
217,961,http://dummyimage.com/558x584.png/dddddd/000000
218,141,http://dummyimage.com/345x422.png/cc0000/ffffff
219,460,http://dummyimage.com/177x231.png/ff4444/ffffff
220,608,http://dummyimage.com/455x491.png/5fa2dd/ffffff
221,455,http://dummyimage.com/617x614.png/cc0000/ffffff
222,88,http://dummyimage.com/591x436.png/ff4444/ffffff
223,935,http://dummyimage.com/329x396.png/ff4444/ffffff
224,307,http://dummyimage.com/568x481.png/5fa2dd/ffffff
225,975,http://dummyimage.com/378x106.png/dddddd/000000
226,737,http://dummyimage.com/291x338.png/cc0000/ffffff
227,445,http://dummyimage.com/386x344.png/5fa2dd/ffffff
228,157,http://dummyimage.com/540x464.png/5fa2dd/ffffff
229,909,http://dummyimage.com/340x442.png/5fa2dd/ffffff
230,932,http://dummyimage.com/134x277.png/cc0000/ffffff
231,776,http://dummyimage.com/231x276.png/cc0000/ffffff
232,558,http://dummyimage.com/254x563.png/ff4444/ffffff
233,95,http://dummyimage.com/521x202.png/ff4444/ffffff
234,886,http://dummyimage.com/255x309.png/cc0000/ffffff
235,979,http://dummyimage.com/394x215.png/ff4444/ffffff
236,168,http://dummyimage.com/175x576.png/cc0000/ffffff
237,785,http://dummyimage.com/114x308.png/5fa2dd/ffffff
238,437,http://dummyimage.com/178x328.png/ff4444/ffffff
239,826,http://dummyimage.com/227x252.png/ff4444/ffffff
240,755,http://dummyimage.com/456x163.png/5fa2dd/ffffff
241,606,http://dummyimage.com/297x624.png/5fa2dd/ffffff
242,276,http://dummyimage.com/313x276.png/dddddd/000000
243,220,http://dummyimage.com/268x401.png/cc0000/ffffff
244,357,http://dummyimage.com/117x295.png/dddddd/000000
245,184,http://dummyimage.com/498x197.png/cc0000/ffffff
246,904,http://dummyimage.com/104x463.png/cc0000/ffffff
247,906,http://dummyimage.com/446x159.png/5fa2dd/ffffff
248,80,http://dummyimage.com/255x539.png/5fa2dd/ffffff
249,331,http://dummyimage.com/158x327.png/ff4444/ffffff
250,79,http://dummyimage.com/513x134.png/cc0000/ffffff
251,263,http://dummyimage.com/625x221.png/5fa2dd/ffffff
252,269,http://dummyimage.com/548x504.png/cc0000/ffffff
253,24,http://dummyimage.com/126x438.png/cc0000/ffffff
254,301,http://dummyimage.com/407x144.png/5fa2dd/ffffff
255,990,http://dummyimage.com/360x484.png/ff4444/ffffff
256,637,http://dummyimage.com/545x539.png/5fa2dd/ffffff
257,24,http://dummyimage.com/280x610.png/cc0000/ffffff
258,286,http://dummyimage.com/113x321.png/dddddd/000000
259,207,http://dummyimage.com/290x386.png/5fa2dd/ffffff
260,583,http://dummyimage.com/639x319.png/cc0000/ffffff
261,315,http://dummyimage.com/240x185.png/cc0000/ffffff
262,189,http://dummyimage.com/494x155.png/dddddd/000000
263,894,http://dummyimage.com/525x169.png/ff4444/ffffff
264,49,http://dummyimage.com/399x336.png/ff4444/ffffff
265,869,http://dummyimage.com/275x481.png/5fa2dd/ffffff
266,696,http://dummyimage.com/535x351.png/dddddd/000000
267,624,http://dummyimage.com/208x407.png/5fa2dd/ffffff
268,174,http://dummyimage.com/108x602.png/5fa2dd/ffffff
269,760,http://dummyimage.com/579x445.png/dddddd/000000
270,629,http://dummyimage.com/241x519.png/ff4444/ffffff
271,940,http://dummyimage.com/114x404.png/ff4444/ffffff
272,365,http://dummyimage.com/400x289.png/dddddd/000000
273,995,http://dummyimage.com/601x385.png/dddddd/000000
274,245,http://dummyimage.com/495x176.png/ff4444/ffffff
275,30,http://dummyimage.com/220x520.png/cc0000/ffffff
276,374,http://dummyimage.com/241x251.png/5fa2dd/ffffff
277,804,http://dummyimage.com/628x230.png/ff4444/ffffff
278,729,http://dummyimage.com/280x149.png/cc0000/ffffff
279,547,http://dummyimage.com/628x234.png/cc0000/ffffff
280,210,http://dummyimage.com/273x343.png/5fa2dd/ffffff
281,608,http://dummyimage.com/458x241.png/cc0000/ffffff
282,144,http://dummyimage.com/581x588.png/5fa2dd/ffffff
283,748,http://dummyimage.com/429x411.png/cc0000/ffffff
284,207,http://dummyimage.com/310x524.png/dddddd/000000
285,302,http://dummyimage.com/307x408.png/dddddd/000000
286,383,http://dummyimage.com/476x338.png/ff4444/ffffff
287,493,http://dummyimage.com/124x308.png/dddddd/000000
288,156,http://dummyimage.com/137x546.png/ff4444/ffffff
289,864,http://dummyimage.com/443x320.png/dddddd/000000
290,641,http://dummyimage.com/141x400.png/dddddd/000000
291,858,http://dummyimage.com/388x475.png/5fa2dd/ffffff
292,422,http://dummyimage.com/328x124.png/ff4444/ffffff
293,486,http://dummyimage.com/169x110.png/cc0000/ffffff
294,329,http://dummyimage.com/551x596.png/ff4444/ffffff
295,108,http://dummyimage.com/615x420.png/dddddd/000000
296,527,http://dummyimage.com/176x184.png/ff4444/ffffff
297,457,http://dummyimage.com/361x571.png/ff4444/ffffff
298,816,http://dummyimage.com/434x240.png/cc0000/ffffff
299,38,http://dummyimage.com/161x280.png/5fa2dd/ffffff
300,779,http://dummyimage.com/103x346.png/ff4444/ffffff
301,422,http://dummyimage.com/120x520.png/5fa2dd/ffffff
302,326,http://dummyimage.com/377x551.png/cc0000/ffffff
303,77,http://dummyimage.com/310x436.png/dddddd/000000
304,887,http://dummyimage.com/578x606.png/5fa2dd/ffffff
305,47,http://dummyimage.com/386x142.png/cc0000/ffffff
306,979,http://dummyimage.com/432x631.png/ff4444/ffffff
307,823,http://dummyimage.com/256x345.png/dddddd/000000
308,596,http://dummyimage.com/592x306.png/dddddd/000000
309,648,http://dummyimage.com/433x335.png/dddddd/000000
310,823,http://dummyimage.com/527x219.png/cc0000/ffffff
311,652,http://dummyimage.com/620x275.png/dddddd/000000
312,343,http://dummyimage.com/305x615.png/dddddd/000000
313,199,http://dummyimage.com/454x562.png/ff4444/ffffff
314,527,http://dummyimage.com/528x570.png/cc0000/ffffff
315,112,http://dummyimage.com/622x506.png/5fa2dd/ffffff
316,794,http://dummyimage.com/489x184.png/ff4444/ffffff
317,623,http://dummyimage.com/564x274.png/ff4444/ffffff
318,946,http://dummyimage.com/564x456.png/5fa2dd/ffffff
319,931,http://dummyimage.com/342x593.png/ff4444/ffffff
320,990,http://dummyimage.com/466x171.png/cc0000/ffffff
321,870,http://dummyimage.com/469x566.png/cc0000/ffffff
322,380,http://dummyimage.com/507x580.png/5fa2dd/ffffff
323,760,http://dummyimage.com/378x105.png/5fa2dd/ffffff
324,841,http://dummyimage.com/543x245.png/dddddd/000000
325,909,http://dummyimage.com/453x134.png/5fa2dd/ffffff
326,442,http://dummyimage.com/635x508.png/dddddd/000000
327,582,http://dummyimage.com/541x270.png/cc0000/ffffff
328,190,http://dummyimage.com/590x347.png/dddddd/000000
329,27,http://dummyimage.com/551x341.png/ff4444/ffffff
330,576,http://dummyimage.com/269x457.png/dddddd/000000
331,559,http://dummyimage.com/555x136.png/cc0000/ffffff
332,889,http://dummyimage.com/518x137.png/dddddd/000000
333,716,http://dummyimage.com/327x228.png/cc0000/ffffff
334,728,http://dummyimage.com/557x268.png/cc0000/ffffff
335,25,http://dummyimage.com/602x556.png/ff4444/ffffff
336,230,http://dummyimage.com/351x118.png/cc0000/ffffff
337,723,http://dummyimage.com/150x475.png/cc0000/ffffff
338,247,http://dummyimage.com/328x421.png/ff4444/ffffff
339,951,http://dummyimage.com/568x308.png/dddddd/000000
340,292,http://dummyimage.com/366x386.png/ff4444/ffffff
341,844,http://dummyimage.com/411x639.png/dddddd/000000
342,558,http://dummyimage.com/450x222.png/cc0000/ffffff
343,3,http://dummyimage.com/472x585.png/cc0000/ffffff
344,329,http://dummyimage.com/329x608.png/ff4444/ffffff
345,179,http://dummyimage.com/556x472.png/dddddd/000000
346,746,http://dummyimage.com/201x486.png/ff4444/ffffff
347,433,http://dummyimage.com/123x581.png/cc0000/ffffff
348,145,http://dummyimage.com/482x473.png/cc0000/ffffff
349,627,http://dummyimage.com/475x429.png/cc0000/ffffff
350,38,http://dummyimage.com/530x562.png/dddddd/000000
351,739,http://dummyimage.com/446x210.png/5fa2dd/ffffff
352,860,http://dummyimage.com/102x180.png/ff4444/ffffff
353,341,http://dummyimage.com/196x414.png/5fa2dd/ffffff
354,806,http://dummyimage.com/420x471.png/cc0000/ffffff
355,668,http://dummyimage.com/317x117.png/dddddd/000000
356,838,http://dummyimage.com/547x625.png/dddddd/000000
357,760,http://dummyimage.com/289x143.png/dddddd/000000
358,96,http://dummyimage.com/432x604.png/5fa2dd/ffffff
359,833,http://dummyimage.com/294x216.png/cc0000/ffffff
360,390,http://dummyimage.com/287x567.png/dddddd/000000
361,946,http://dummyimage.com/558x118.png/dddddd/000000
362,774,http://dummyimage.com/185x264.png/ff4444/ffffff
363,281,http://dummyimage.com/438x235.png/5fa2dd/ffffff
364,157,http://dummyimage.com/250x375.png/ff4444/ffffff
365,734,http://dummyimage.com/255x456.png/ff4444/ffffff
366,417,http://dummyimage.com/439x393.png/dddddd/000000
367,811,http://dummyimage.com/614x157.png/5fa2dd/ffffff
368,182,http://dummyimage.com/309x559.png/ff4444/ffffff
369,50,http://dummyimage.com/352x468.png/ff4444/ffffff
370,44,http://dummyimage.com/285x181.png/5fa2dd/ffffff
371,206,http://dummyimage.com/130x148.png/cc0000/ffffff
372,681,http://dummyimage.com/180x412.png/ff4444/ffffff
373,903,http://dummyimage.com/194x523.png/5fa2dd/ffffff
374,847,http://dummyimage.com/310x589.png/cc0000/ffffff
375,308,http://dummyimage.com/202x489.png/dddddd/000000
376,212,http://dummyimage.com/345x459.png/dddddd/000000
377,674,http://dummyimage.com/389x441.png/cc0000/ffffff
378,724,http://dummyimage.com/123x306.png/cc0000/ffffff
379,537,http://dummyimage.com/277x624.png/5fa2dd/ffffff
380,891,http://dummyimage.com/220x221.png/5fa2dd/ffffff
381,886,http://dummyimage.com/609x480.png/cc0000/ffffff
382,487,http://dummyimage.com/556x442.png/dddddd/000000
383,525,http://dummyimage.com/218x450.png/5fa2dd/ffffff
384,432,http://dummyimage.com/122x505.png/cc0000/ffffff
385,786,http://dummyimage.com/601x627.png/dddddd/000000
386,385,http://dummyimage.com/503x123.png/ff4444/ffffff
387,704,http://dummyimage.com/162x186.png/cc0000/ffffff
388,376,http://dummyimage.com/354x237.png/dddddd/000000
389,234,http://dummyimage.com/609x557.png/dddddd/000000
390,745,http://dummyimage.com/231x614.png/cc0000/ffffff
391,910,http://dummyimage.com/358x149.png/cc0000/ffffff
392,352,http://dummyimage.com/222x548.png/5fa2dd/ffffff
393,260,http://dummyimage.com/244x369.png/dddddd/000000
394,192,http://dummyimage.com/376x144.png/dddddd/000000
395,369,http://dummyimage.com/456x462.png/5fa2dd/ffffff
396,930,http://dummyimage.com/315x268.png/cc0000/ffffff
397,72,http://dummyimage.com/583x193.png/cc0000/ffffff
398,702,http://dummyimage.com/480x618.png/5fa2dd/ffffff
399,574,http://dummyimage.com/451x373.png/dddddd/000000
400,406,http://dummyimage.com/247x578.png/dddddd/000000
401,132,http://dummyimage.com/175x256.png/cc0000/ffffff
402,62,http://dummyimage.com/258x128.png/dddddd/000000
403,382,http://dummyimage.com/639x157.png/cc0000/ffffff
404,52,http://dummyimage.com/287x549.png/cc0000/ffffff
405,534,http://dummyimage.com/534x587.png/dddddd/000000
406,193,http://dummyimage.com/564x494.png/cc0000/ffffff
407,892,http://dummyimage.com/213x105.png/dddddd/000000
408,279,http://dummyimage.com/431x617.png/ff4444/ffffff
409,64,http://dummyimage.com/385x475.png/dddddd/000000
410,335,http://dummyimage.com/515x454.png/dddddd/000000
411,41,http://dummyimage.com/587x589.png/dddddd/000000
412,478,http://dummyimage.com/614x618.png/ff4444/ffffff
413,492,http://dummyimage.com/142x476.png/dddddd/000000
414,655,http://dummyimage.com/602x219.png/ff4444/ffffff
415,59,http://dummyimage.com/343x285.png/ff4444/ffffff
416,461,http://dummyimage.com/137x394.png/dddddd/000000
417,849,http://dummyimage.com/413x120.png/cc0000/ffffff
418,281,http://dummyimage.com/207x370.png/ff4444/ffffff
419,610,http://dummyimage.com/273x539.png/5fa2dd/ffffff
420,322,http://dummyimage.com/152x584.png/ff4444/ffffff
421,622,http://dummyimage.com/246x368.png/ff4444/ffffff
422,752,http://dummyimage.com/480x350.png/cc0000/ffffff
423,775,http://dummyimage.com/399x518.png/5fa2dd/ffffff
424,153,http://dummyimage.com/637x172.png/5fa2dd/ffffff
425,710,http://dummyimage.com/517x370.png/cc0000/ffffff
426,448,http://dummyimage.com/477x412.png/5fa2dd/ffffff
427,340,http://dummyimage.com/258x276.png/ff4444/ffffff
428,88,http://dummyimage.com/631x627.png/5fa2dd/ffffff
429,416,http://dummyimage.com/409x102.png/5fa2dd/ffffff
430,217,http://dummyimage.com/483x592.png/ff4444/ffffff
431,277,http://dummyimage.com/632x171.png/5fa2dd/ffffff
432,753,http://dummyimage.com/430x329.png/ff4444/ffffff
433,201,http://dummyimage.com/562x214.png/dddddd/000000
434,534,http://dummyimage.com/608x163.png/ff4444/ffffff
435,227,http://dummyimage.com/105x322.png/ff4444/ffffff
436,257,http://dummyimage.com/474x284.png/cc0000/ffffff
437,838,http://dummyimage.com/503x626.png/ff4444/ffffff
438,220,http://dummyimage.com/614x187.png/cc0000/ffffff
439,2,http://dummyimage.com/249x316.png/cc0000/ffffff
440,762,http://dummyimage.com/293x516.png/5fa2dd/ffffff
441,402,http://dummyimage.com/352x282.png/ff4444/ffffff
442,329,http://dummyimage.com/354x315.png/cc0000/ffffff
443,91,http://dummyimage.com/382x449.png/cc0000/ffffff
444,193,http://dummyimage.com/495x468.png/cc0000/ffffff
445,855,http://dummyimage.com/134x465.png/ff4444/ffffff
446,354,http://dummyimage.com/418x342.png/dddddd/000000
447,179,http://dummyimage.com/316x614.png/cc0000/ffffff
448,129,http://dummyimage.com/175x310.png/5fa2dd/ffffff
449,968,http://dummyimage.com/390x126.png/cc0000/ffffff
450,162,http://dummyimage.com/155x443.png/dddddd/000000
451,17,http://dummyimage.com/402x620.png/cc0000/ffffff
452,883,http://dummyimage.com/638x142.png/cc0000/ffffff
453,811,http://dummyimage.com/213x627.png/ff4444/ffffff
454,912,http://dummyimage.com/209x218.png/cc0000/ffffff
455,62,http://dummyimage.com/248x328.png/cc0000/ffffff
456,872,http://dummyimage.com/417x525.png/5fa2dd/ffffff
457,300,http://dummyimage.com/609x513.png/dddddd/000000
458,814,http://dummyimage.com/614x261.png/dddddd/000000
459,486,http://dummyimage.com/197x354.png/ff4444/ffffff
460,618,http://dummyimage.com/387x172.png/5fa2dd/ffffff
461,481,http://dummyimage.com/572x359.png/dddddd/000000
462,612,http://dummyimage.com/243x232.png/ff4444/ffffff
463,884,http://dummyimage.com/207x159.png/ff4444/ffffff
464,171,http://dummyimage.com/503x511.png/cc0000/ffffff
465,909,http://dummyimage.com/450x602.png/ff4444/ffffff
466,499,http://dummyimage.com/633x144.png/5fa2dd/ffffff
467,274,http://dummyimage.com/297x304.png/cc0000/ffffff
468,657,http://dummyimage.com/580x117.png/cc0000/ffffff
469,215,http://dummyimage.com/128x501.png/cc0000/ffffff
470,776,http://dummyimage.com/269x637.png/ff4444/ffffff
471,930,http://dummyimage.com/360x368.png/5fa2dd/ffffff
472,770,http://dummyimage.com/162x149.png/5fa2dd/ffffff
473,123,http://dummyimage.com/491x202.png/dddddd/000000
474,839,http://dummyimage.com/139x594.png/dddddd/000000
475,614,http://dummyimage.com/351x446.png/dddddd/000000
476,350,http://dummyimage.com/470x479.png/dddddd/000000
477,610,http://dummyimage.com/140x547.png/5fa2dd/ffffff
478,94,http://dummyimage.com/417x236.png/dddddd/000000
479,782,http://dummyimage.com/104x240.png/ff4444/ffffff
480,971,http://dummyimage.com/247x542.png/cc0000/ffffff
481,400,http://dummyimage.com/169x614.png/ff4444/ffffff
482,97,http://dummyimage.com/368x282.png/cc0000/ffffff
483,563,http://dummyimage.com/364x307.png/cc0000/ffffff
484,64,http://dummyimage.com/185x289.png/5fa2dd/ffffff
485,333,http://dummyimage.com/204x281.png/ff4444/ffffff
486,132,http://dummyimage.com/243x464.png/dddddd/000000
487,280,http://dummyimage.com/151x243.png/5fa2dd/ffffff
488,949,http://dummyimage.com/259x567.png/cc0000/ffffff
489,839,http://dummyimage.com/184x262.png/dddddd/000000
490,794,http://dummyimage.com/544x585.png/cc0000/ffffff
491,356,http://dummyimage.com/123x632.png/cc0000/ffffff
492,645,http://dummyimage.com/618x608.png/cc0000/ffffff
493,534,http://dummyimage.com/191x305.png/5fa2dd/ffffff
494,489,http://dummyimage.com/393x163.png/dddddd/000000
495,962,http://dummyimage.com/176x143.png/dddddd/000000
496,662,http://dummyimage.com/479x449.png/5fa2dd/ffffff
497,894,http://dummyimage.com/198x160.png/ff4444/ffffff
498,527,http://dummyimage.com/516x578.png/cc0000/ffffff
499,205,http://dummyimage.com/376x605.png/dddddd/000000
500,993,http://dummyimage.com/309x563.png/ff4444/ffffff
501,364,http://dummyimage.com/613x613.png/dddddd/000000
502,132,http://dummyimage.com/157x309.png/5fa2dd/ffffff
503,962,http://dummyimage.com/116x542.png/dddddd/000000
504,341,http://dummyimage.com/304x114.png/dddddd/000000
505,328,http://dummyimage.com/433x491.png/cc0000/ffffff
506,844,http://dummyimage.com/480x105.png/dddddd/000000
507,485,http://dummyimage.com/615x300.png/ff4444/ffffff
508,987,http://dummyimage.com/224x452.png/5fa2dd/ffffff
509,890,http://dummyimage.com/355x469.png/dddddd/000000
510,64,http://dummyimage.com/379x107.png/cc0000/ffffff
511,534,http://dummyimage.com/571x291.png/cc0000/ffffff
512,647,http://dummyimage.com/143x116.png/cc0000/ffffff
513,482,http://dummyimage.com/491x577.png/cc0000/ffffff
514,756,http://dummyimage.com/206x473.png/dddddd/000000
515,727,http://dummyimage.com/446x205.png/5fa2dd/ffffff
516,207,http://dummyimage.com/440x464.png/cc0000/ffffff
517,537,http://dummyimage.com/585x323.png/dddddd/000000
518,768,http://dummyimage.com/178x264.png/5fa2dd/ffffff
519,358,http://dummyimage.com/219x216.png/cc0000/ffffff
520,839,http://dummyimage.com/572x499.png/cc0000/ffffff
521,288,http://dummyimage.com/428x549.png/dddddd/000000
522,369,http://dummyimage.com/552x349.png/dddddd/000000
523,751,http://dummyimage.com/428x484.png/ff4444/ffffff
524,640,http://dummyimage.com/141x467.png/5fa2dd/ffffff
525,122,http://dummyimage.com/263x513.png/5fa2dd/ffffff
526,254,http://dummyimage.com/327x434.png/ff4444/ffffff
527,411,http://dummyimage.com/402x115.png/5fa2dd/ffffff
528,143,http://dummyimage.com/573x523.png/ff4444/ffffff
529,288,http://dummyimage.com/527x437.png/5fa2dd/ffffff
530,372,http://dummyimage.com/481x178.png/cc0000/ffffff
531,537,http://dummyimage.com/100x194.png/cc0000/ffffff
532,894,http://dummyimage.com/257x501.png/dddddd/000000
533,920,http://dummyimage.com/347x319.png/cc0000/ffffff
534,112,http://dummyimage.com/318x616.png/5fa2dd/ffffff
535,237,http://dummyimage.com/405x356.png/5fa2dd/ffffff
536,196,http://dummyimage.com/391x347.png/dddddd/000000
537,957,http://dummyimage.com/148x540.png/ff4444/ffffff
538,571,http://dummyimage.com/215x290.png/ff4444/ffffff
539,199,http://dummyimage.com/309x508.png/cc0000/ffffff
540,462,http://dummyimage.com/180x324.png/dddddd/000000
541,153,http://dummyimage.com/547x225.png/cc0000/ffffff
542,292,http://dummyimage.com/274x394.png/5fa2dd/ffffff
543,365,http://dummyimage.com/536x417.png/dddddd/000000
544,428,http://dummyimage.com/414x561.png/5fa2dd/ffffff
545,908,http://dummyimage.com/424x264.png/dddddd/000000
546,447,http://dummyimage.com/357x428.png/ff4444/ffffff
547,491,http://dummyimage.com/362x124.png/5fa2dd/ffffff
548,360,http://dummyimage.com/358x567.png/ff4444/ffffff
549,775,http://dummyimage.com/127x246.png/cc0000/ffffff
550,218,http://dummyimage.com/287x617.png/ff4444/ffffff
551,673,http://dummyimage.com/192x331.png/ff4444/ffffff
552,848,http://dummyimage.com/251x546.png/ff4444/ffffff
553,59,http://dummyimage.com/476x245.png/cc0000/ffffff
554,556,http://dummyimage.com/372x501.png/dddddd/000000
555,183,http://dummyimage.com/314x389.png/ff4444/ffffff
556,547,http://dummyimage.com/155x194.png/cc0000/ffffff
557,949,http://dummyimage.com/261x132.png/dddddd/000000
558,176,http://dummyimage.com/528x236.png/ff4444/ffffff
559,6,http://dummyimage.com/281x176.png/cc0000/ffffff
560,43,http://dummyimage.com/447x504.png/5fa2dd/ffffff
561,289,http://dummyimage.com/614x462.png/ff4444/ffffff
562,387,http://dummyimage.com/198x270.png/ff4444/ffffff
563,574,http://dummyimage.com/619x338.png/cc0000/ffffff
564,797,http://dummyimage.com/621x453.png/ff4444/ffffff
565,797,http://dummyimage.com/213x359.png/cc0000/ffffff
566,107,http://dummyimage.com/547x567.png/dddddd/000000
567,143,http://dummyimage.com/448x540.png/dddddd/000000
568,763,http://dummyimage.com/285x517.png/cc0000/ffffff
569,718,http://dummyimage.com/489x141.png/ff4444/ffffff
570,495,http://dummyimage.com/588x135.png/cc0000/ffffff
571,237,http://dummyimage.com/321x633.png/cc0000/ffffff
572,856,http://dummyimage.com/573x485.png/cc0000/ffffff
573,374,http://dummyimage.com/557x541.png/ff4444/ffffff
574,762,http://dummyimage.com/538x264.png/dddddd/000000
575,109,http://dummyimage.com/186x294.png/ff4444/ffffff
576,984,http://dummyimage.com/359x111.png/5fa2dd/ffffff
577,331,http://dummyimage.com/289x165.png/5fa2dd/ffffff
578,325,http://dummyimage.com/308x570.png/dddddd/000000
579,102,http://dummyimage.com/557x190.png/dddddd/000000
580,681,http://dummyimage.com/295x499.png/cc0000/ffffff
581,499,http://dummyimage.com/172x407.png/cc0000/ffffff
582,594,http://dummyimage.com/315x509.png/ff4444/ffffff
583,261,http://dummyimage.com/307x108.png/5fa2dd/ffffff
584,114,http://dummyimage.com/192x195.png/dddddd/000000
585,347,http://dummyimage.com/368x288.png/5fa2dd/ffffff
586,805,http://dummyimage.com/388x588.png/dddddd/000000
587,29,http://dummyimage.com/561x587.png/ff4444/ffffff
588,878,http://dummyimage.com/152x621.png/dddddd/000000
589,480,http://dummyimage.com/435x373.png/cc0000/ffffff
590,166,http://dummyimage.com/224x567.png/cc0000/ffffff
591,728,http://dummyimage.com/307x334.png/ff4444/ffffff
592,907,http://dummyimage.com/202x201.png/ff4444/ffffff
593,279,http://dummyimage.com/407x272.png/5fa2dd/ffffff
594,540,http://dummyimage.com/279x141.png/cc0000/ffffff
595,273,http://dummyimage.com/553x493.png/ff4444/ffffff
596,883,http://dummyimage.com/505x182.png/dddddd/000000
597,249,http://dummyimage.com/328x327.png/cc0000/ffffff
598,379,http://dummyimage.com/115x356.png/5fa2dd/ffffff
599,659,http://dummyimage.com/356x299.png/ff4444/ffffff
600,622,http://dummyimage.com/487x215.png/ff4444/ffffff
601,222,http://dummyimage.com/489x350.png/cc0000/ffffff
602,821,http://dummyimage.com/125x336.png/cc0000/ffffff
603,916,http://dummyimage.com/410x483.png/ff4444/ffffff
604,305,http://dummyimage.com/102x427.png/5fa2dd/ffffff
605,345,http://dummyimage.com/225x524.png/5fa2dd/ffffff
606,81,http://dummyimage.com/351x318.png/5fa2dd/ffffff
607,292,http://dummyimage.com/566x400.png/ff4444/ffffff
608,996,http://dummyimage.com/357x618.png/ff4444/ffffff
609,630,http://dummyimage.com/609x628.png/cc0000/ffffff
610,521,http://dummyimage.com/486x140.png/cc0000/ffffff
611,28,http://dummyimage.com/246x131.png/ff4444/ffffff
612,128,http://dummyimage.com/398x236.png/cc0000/ffffff
613,3,http://dummyimage.com/105x356.png/cc0000/ffffff
614,155,http://dummyimage.com/108x158.png/dddddd/000000
615,899,http://dummyimage.com/637x512.png/dddddd/000000
616,472,http://dummyimage.com/174x560.png/dddddd/000000
617,875,http://dummyimage.com/250x180.png/cc0000/ffffff
618,993,http://dummyimage.com/160x307.png/ff4444/ffffff
619,809,http://dummyimage.com/503x563.png/ff4444/ffffff
620,983,http://dummyimage.com/238x259.png/cc0000/ffffff
621,195,http://dummyimage.com/407x360.png/ff4444/ffffff
622,796,http://dummyimage.com/307x361.png/cc0000/ffffff
623,232,http://dummyimage.com/106x166.png/ff4444/ffffff
624,455,http://dummyimage.com/308x618.png/cc0000/ffffff
625,291,http://dummyimage.com/299x497.png/5fa2dd/ffffff
626,65,http://dummyimage.com/136x109.png/dddddd/000000
627,464,http://dummyimage.com/218x280.png/5fa2dd/ffffff
628,598,http://dummyimage.com/444x552.png/dddddd/000000
629,161,http://dummyimage.com/406x554.png/dddddd/000000
630,761,http://dummyimage.com/509x469.png/5fa2dd/ffffff
631,991,http://dummyimage.com/460x356.png/ff4444/ffffff
632,323,http://dummyimage.com/482x374.png/cc0000/ffffff
633,503,http://dummyimage.com/468x313.png/cc0000/ffffff
634,667,http://dummyimage.com/572x555.png/cc0000/ffffff
635,746,http://dummyimage.com/418x553.png/cc0000/ffffff
636,611,http://dummyimage.com/319x271.png/ff4444/ffffff
637,491,http://dummyimage.com/538x352.png/dddddd/000000
638,904,http://dummyimage.com/105x619.png/5fa2dd/ffffff
639,511,http://dummyimage.com/338x523.png/5fa2dd/ffffff
640,741,http://dummyimage.com/623x253.png/cc0000/ffffff
641,453,http://dummyimage.com/455x333.png/dddddd/000000
642,966,http://dummyimage.com/313x130.png/ff4444/ffffff
643,901,http://dummyimage.com/215x471.png/5fa2dd/ffffff
644,518,http://dummyimage.com/572x180.png/cc0000/ffffff
645,825,http://dummyimage.com/502x640.png/ff4444/ffffff
646,991,http://dummyimage.com/390x354.png/ff4444/ffffff
647,480,http://dummyimage.com/619x371.png/5fa2dd/ffffff
648,698,http://dummyimage.com/352x379.png/ff4444/ffffff
649,288,http://dummyimage.com/495x564.png/cc0000/ffffff
650,367,http://dummyimage.com/523x378.png/ff4444/ffffff
651,500,http://dummyimage.com/121x487.png/ff4444/ffffff
652,780,http://dummyimage.com/319x168.png/cc0000/ffffff
653,1000,http://dummyimage.com/158x315.png/ff4444/ffffff
654,844,http://dummyimage.com/264x243.png/ff4444/ffffff
655,917,http://dummyimage.com/281x294.png/ff4444/ffffff
656,986,http://dummyimage.com/350x130.png/ff4444/ffffff
657,108,http://dummyimage.com/160x350.png/dddddd/000000
658,96,http://dummyimage.com/145x528.png/ff4444/ffffff
659,122,http://dummyimage.com/472x527.png/ff4444/ffffff
660,486,http://dummyimage.com/117x304.png/cc0000/ffffff
661,162,http://dummyimage.com/386x556.png/dddddd/000000
662,754,http://dummyimage.com/480x471.png/5fa2dd/ffffff
663,201,http://dummyimage.com/256x105.png/ff4444/ffffff
664,28,http://dummyimage.com/482x590.png/ff4444/ffffff
665,665,http://dummyimage.com/124x614.png/cc0000/ffffff
666,834,http://dummyimage.com/151x575.png/ff4444/ffffff
667,941,http://dummyimage.com/540x277.png/5fa2dd/ffffff
668,81,http://dummyimage.com/334x238.png/dddddd/000000
669,909,http://dummyimage.com/331x188.png/5fa2dd/ffffff
670,640,http://dummyimage.com/476x580.png/cc0000/ffffff
671,131,http://dummyimage.com/140x433.png/ff4444/ffffff
672,434,http://dummyimage.com/486x504.png/dddddd/000000
673,593,http://dummyimage.com/314x308.png/5fa2dd/ffffff
674,165,http://dummyimage.com/322x163.png/cc0000/ffffff
675,220,http://dummyimage.com/348x418.png/ff4444/ffffff
676,311,http://dummyimage.com/102x482.png/dddddd/000000
677,442,http://dummyimage.com/502x298.png/cc0000/ffffff
678,75,http://dummyimage.com/526x143.png/cc0000/ffffff
679,963,http://dummyimage.com/345x403.png/cc0000/ffffff
680,272,http://dummyimage.com/564x393.png/dddddd/000000
681,186,http://dummyimage.com/367x582.png/dddddd/000000
682,691,http://dummyimage.com/226x397.png/dddddd/000000
683,997,http://dummyimage.com/353x223.png/cc0000/ffffff
684,484,http://dummyimage.com/226x630.png/cc0000/ffffff
685,337,http://dummyimage.com/318x281.png/dddddd/000000
686,263,http://dummyimage.com/640x311.png/5fa2dd/ffffff
687,132,http://dummyimage.com/431x246.png/5fa2dd/ffffff
688,731,http://dummyimage.com/362x199.png/ff4444/ffffff
689,788,http://dummyimage.com/282x335.png/5fa2dd/ffffff
690,568,http://dummyimage.com/468x375.png/5fa2dd/ffffff
691,177,http://dummyimage.com/624x369.png/cc0000/ffffff
692,207,http://dummyimage.com/238x545.png/ff4444/ffffff
693,172,http://dummyimage.com/342x370.png/5fa2dd/ffffff
694,358,http://dummyimage.com/349x624.png/dddddd/000000
695,762,http://dummyimage.com/424x274.png/dddddd/000000
696,712,http://dummyimage.com/566x279.png/5fa2dd/ffffff
697,742,http://dummyimage.com/476x463.png/5fa2dd/ffffff
698,368,http://dummyimage.com/119x599.png/cc0000/ffffff
699,767,http://dummyimage.com/474x609.png/cc0000/ffffff
700,320,http://dummyimage.com/352x305.png/ff4444/ffffff
701,184,http://dummyimage.com/148x336.png/5fa2dd/ffffff
702,561,http://dummyimage.com/442x467.png/ff4444/ffffff
703,806,http://dummyimage.com/287x144.png/cc0000/ffffff
704,790,http://dummyimage.com/567x187.png/ff4444/ffffff
705,612,http://dummyimage.com/554x154.png/5fa2dd/ffffff
706,125,http://dummyimage.com/474x227.png/dddddd/000000
707,575,http://dummyimage.com/247x120.png/cc0000/ffffff
708,499,http://dummyimage.com/248x539.png/ff4444/ffffff
709,919,http://dummyimage.com/111x228.png/dddddd/000000
710,521,http://dummyimage.com/601x157.png/ff4444/ffffff
711,558,http://dummyimage.com/503x109.png/cc0000/ffffff
712,995,http://dummyimage.com/326x599.png/5fa2dd/ffffff
713,296,http://dummyimage.com/364x148.png/cc0000/ffffff
714,27,http://dummyimage.com/451x327.png/ff4444/ffffff
715,469,http://dummyimage.com/252x160.png/cc0000/ffffff
716,456,http://dummyimage.com/322x395.png/5fa2dd/ffffff
717,915,http://dummyimage.com/376x292.png/ff4444/ffffff
718,255,http://dummyimage.com/237x470.png/5fa2dd/ffffff
719,269,http://dummyimage.com/236x409.png/5fa2dd/ffffff
720,893,http://dummyimage.com/309x522.png/ff4444/ffffff
721,105,http://dummyimage.com/164x487.png/ff4444/ffffff
722,953,http://dummyimage.com/251x449.png/ff4444/ffffff
723,983,http://dummyimage.com/426x362.png/dddddd/000000
724,563,http://dummyimage.com/132x359.png/ff4444/ffffff
725,717,http://dummyimage.com/292x291.png/cc0000/ffffff
726,57,http://dummyimage.com/191x293.png/dddddd/000000
727,394,http://dummyimage.com/435x565.png/5fa2dd/ffffff
728,781,http://dummyimage.com/447x537.png/ff4444/ffffff
729,665,http://dummyimage.com/486x470.png/cc0000/ffffff
730,640,http://dummyimage.com/556x504.png/dddddd/000000
731,31,http://dummyimage.com/559x182.png/ff4444/ffffff
732,146,http://dummyimage.com/431x306.png/ff4444/ffffff
733,146,http://dummyimage.com/499x560.png/cc0000/ffffff
734,215,http://dummyimage.com/134x239.png/cc0000/ffffff
735,78,http://dummyimage.com/331x101.png/ff4444/ffffff
736,755,http://dummyimage.com/345x359.png/cc0000/ffffff
737,180,http://dummyimage.com/180x149.png/cc0000/ffffff
738,328,http://dummyimage.com/256x182.png/cc0000/ffffff
739,910,http://dummyimage.com/540x557.png/cc0000/ffffff
740,315,http://dummyimage.com/632x103.png/5fa2dd/ffffff
741,234,http://dummyimage.com/593x326.png/cc0000/ffffff
742,979,http://dummyimage.com/188x172.png/5fa2dd/ffffff
743,193,http://dummyimage.com/308x542.png/5fa2dd/ffffff
744,289,http://dummyimage.com/615x442.png/dddddd/000000
745,31,http://dummyimage.com/425x133.png/dddddd/000000
746,942,http://dummyimage.com/478x225.png/dddddd/000000
747,236,http://dummyimage.com/413x442.png/5fa2dd/ffffff
748,676,http://dummyimage.com/376x524.png/dddddd/000000
749,325,http://dummyimage.com/626x390.png/cc0000/ffffff
750,34,http://dummyimage.com/593x622.png/ff4444/ffffff
751,370,http://dummyimage.com/172x256.png/cc0000/ffffff
752,37,http://dummyimage.com/619x638.png/ff4444/ffffff
753,546,http://dummyimage.com/482x333.png/ff4444/ffffff
754,701,http://dummyimage.com/624x345.png/ff4444/ffffff
755,667,http://dummyimage.com/601x506.png/cc0000/ffffff
756,332,http://dummyimage.com/325x510.png/cc0000/ffffff
757,736,http://dummyimage.com/214x430.png/dddddd/000000
758,728,http://dummyimage.com/309x548.png/dddddd/000000
759,903,http://dummyimage.com/451x348.png/ff4444/ffffff
760,227,http://dummyimage.com/476x498.png/5fa2dd/ffffff
761,578,http://dummyimage.com/601x215.png/5fa2dd/ffffff
762,794,http://dummyimage.com/449x250.png/ff4444/ffffff
763,951,http://dummyimage.com/350x435.png/5fa2dd/ffffff
764,534,http://dummyimage.com/383x198.png/cc0000/ffffff
765,901,http://dummyimage.com/607x352.png/dddddd/000000
766,360,http://dummyimage.com/499x366.png/cc0000/ffffff
767,25,http://dummyimage.com/166x371.png/cc0000/ffffff
768,406,http://dummyimage.com/280x450.png/ff4444/ffffff
769,201,http://dummyimage.com/545x140.png/dddddd/000000
770,14,http://dummyimage.com/312x109.png/5fa2dd/ffffff
771,821,http://dummyimage.com/520x334.png/ff4444/ffffff
772,388,http://dummyimage.com/135x493.png/ff4444/ffffff
773,118,http://dummyimage.com/626x406.png/dddddd/000000
774,61,http://dummyimage.com/489x156.png/ff4444/ffffff
775,137,http://dummyimage.com/391x621.png/5fa2dd/ffffff
776,262,http://dummyimage.com/274x347.png/dddddd/000000
777,443,http://dummyimage.com/494x612.png/cc0000/ffffff
778,902,http://dummyimage.com/220x434.png/ff4444/ffffff
779,724,http://dummyimage.com/454x583.png/cc0000/ffffff
780,595,http://dummyimage.com/352x185.png/cc0000/ffffff
781,136,http://dummyimage.com/112x102.png/dddddd/000000
782,6,http://dummyimage.com/617x523.png/5fa2dd/ffffff
783,32,http://dummyimage.com/195x456.png/cc0000/ffffff
784,533,http://dummyimage.com/441x172.png/dddddd/000000
785,190,http://dummyimage.com/526x321.png/dddddd/000000
786,447,http://dummyimage.com/588x129.png/ff4444/ffffff
787,656,http://dummyimage.com/454x584.png/cc0000/ffffff
788,88,http://dummyimage.com/214x322.png/5fa2dd/ffffff
789,670,http://dummyimage.com/121x586.png/dddddd/000000
790,920,http://dummyimage.com/357x480.png/5fa2dd/ffffff
791,863,http://dummyimage.com/389x226.png/5fa2dd/ffffff
792,297,http://dummyimage.com/191x364.png/ff4444/ffffff
793,1000,http://dummyimage.com/468x559.png/ff4444/ffffff
794,700,http://dummyimage.com/493x324.png/5fa2dd/ffffff
795,812,http://dummyimage.com/512x149.png/5fa2dd/ffffff
796,975,http://dummyimage.com/232x298.png/dddddd/000000
797,15,http://dummyimage.com/405x403.png/dddddd/000000
798,882,http://dummyimage.com/620x460.png/5fa2dd/ffffff
799,129,http://dummyimage.com/369x362.png/5fa2dd/ffffff
800,145,http://dummyimage.com/322x540.png/dddddd/000000
801,765,http://dummyimage.com/113x506.png/dddddd/000000
802,608,http://dummyimage.com/577x173.png/cc0000/ffffff
803,210,http://dummyimage.com/243x315.png/cc0000/ffffff
804,28,http://dummyimage.com/295x181.png/ff4444/ffffff
805,433,http://dummyimage.com/555x200.png/5fa2dd/ffffff
806,870,http://dummyimage.com/494x324.png/5fa2dd/ffffff
807,233,http://dummyimage.com/215x211.png/ff4444/ffffff
808,670,http://dummyimage.com/165x524.png/ff4444/ffffff
809,540,http://dummyimage.com/238x571.png/ff4444/ffffff
810,956,http://dummyimage.com/122x479.png/dddddd/000000
811,179,http://dummyimage.com/543x568.png/ff4444/ffffff
812,401,http://dummyimage.com/448x372.png/5fa2dd/ffffff
813,14,http://dummyimage.com/628x616.png/5fa2dd/ffffff
814,776,http://dummyimage.com/207x460.png/dddddd/000000
815,315,http://dummyimage.com/263x348.png/dddddd/000000
816,31,http://dummyimage.com/611x255.png/ff4444/ffffff
817,630,http://dummyimage.com/349x608.png/ff4444/ffffff
818,750,http://dummyimage.com/547x539.png/5fa2dd/ffffff
819,195,http://dummyimage.com/398x632.png/dddddd/000000
820,469,http://dummyimage.com/124x494.png/dddddd/000000
821,135,http://dummyimage.com/561x640.png/5fa2dd/ffffff
822,230,http://dummyimage.com/391x382.png/cc0000/ffffff
823,965,http://dummyimage.com/604x316.png/5fa2dd/ffffff
824,250,http://dummyimage.com/542x340.png/5fa2dd/ffffff
825,796,http://dummyimage.com/560x613.png/cc0000/ffffff
826,646,http://dummyimage.com/236x539.png/dddddd/000000
827,388,http://dummyimage.com/316x363.png/cc0000/ffffff
828,418,http://dummyimage.com/186x438.png/cc0000/ffffff
829,609,http://dummyimage.com/154x205.png/dddddd/000000
830,307,http://dummyimage.com/245x372.png/5fa2dd/ffffff
831,453,http://dummyimage.com/153x469.png/cc0000/ffffff
832,628,http://dummyimage.com/318x417.png/5fa2dd/ffffff
833,974,http://dummyimage.com/143x488.png/cc0000/ffffff
834,487,http://dummyimage.com/393x403.png/cc0000/ffffff
835,946,http://dummyimage.com/181x511.png/5fa2dd/ffffff
836,66,http://dummyimage.com/217x383.png/5fa2dd/ffffff
837,950,http://dummyimage.com/393x182.png/cc0000/ffffff
838,425,http://dummyimage.com/459x153.png/ff4444/ffffff
839,683,http://dummyimage.com/556x333.png/cc0000/ffffff
840,39,http://dummyimage.com/168x435.png/cc0000/ffffff
841,926,http://dummyimage.com/195x516.png/ff4444/ffffff
842,297,http://dummyimage.com/205x120.png/cc0000/ffffff
843,267,http://dummyimage.com/596x348.png/ff4444/ffffff
844,27,http://dummyimage.com/126x473.png/cc0000/ffffff
845,831,http://dummyimage.com/343x197.png/ff4444/ffffff
846,742,http://dummyimage.com/516x544.png/5fa2dd/ffffff
847,313,http://dummyimage.com/196x307.png/cc0000/ffffff
848,487,http://dummyimage.com/470x121.png/5fa2dd/ffffff
849,205,http://dummyimage.com/196x466.png/dddddd/000000
850,47,http://dummyimage.com/515x594.png/5fa2dd/ffffff
851,24,http://dummyimage.com/475x617.png/5fa2dd/ffffff
852,264,http://dummyimage.com/285x192.png/5fa2dd/ffffff
853,49,http://dummyimage.com/429x479.png/5fa2dd/ffffff
854,396,http://dummyimage.com/592x335.png/ff4444/ffffff
855,392,http://dummyimage.com/308x554.png/5fa2dd/ffffff
856,308,http://dummyimage.com/234x203.png/dddddd/000000
857,140,http://dummyimage.com/370x206.png/dddddd/000000
858,311,http://dummyimage.com/493x165.png/cc0000/ffffff
859,853,http://dummyimage.com/632x282.png/dddddd/000000
860,771,http://dummyimage.com/524x491.png/ff4444/ffffff
861,321,http://dummyimage.com/492x134.png/cc0000/ffffff
862,565,http://dummyimage.com/480x261.png/dddddd/000000
863,767,http://dummyimage.com/432x449.png/ff4444/ffffff
864,422,http://dummyimage.com/108x344.png/ff4444/ffffff
865,441,http://dummyimage.com/122x358.png/dddddd/000000
866,396,http://dummyimage.com/343x289.png/ff4444/ffffff
867,984,http://dummyimage.com/447x626.png/cc0000/ffffff
868,560,http://dummyimage.com/590x574.png/dddddd/000000
869,929,http://dummyimage.com/209x390.png/cc0000/ffffff
870,371,http://dummyimage.com/185x111.png/ff4444/ffffff
871,939,http://dummyimage.com/400x620.png/5fa2dd/ffffff
872,223,http://dummyimage.com/267x243.png/dddddd/000000
873,276,http://dummyimage.com/353x422.png/ff4444/ffffff
874,481,http://dummyimage.com/471x136.png/dddddd/000000
875,386,http://dummyimage.com/498x444.png/ff4444/ffffff
876,83,http://dummyimage.com/557x618.png/dddddd/000000
877,410,http://dummyimage.com/183x193.png/ff4444/ffffff
878,992,http://dummyimage.com/318x184.png/dddddd/000000
879,187,http://dummyimage.com/198x525.png/5fa2dd/ffffff
880,966,http://dummyimage.com/182x243.png/ff4444/ffffff
881,567,http://dummyimage.com/259x201.png/ff4444/ffffff
882,37,http://dummyimage.com/338x423.png/ff4444/ffffff
883,219,http://dummyimage.com/148x481.png/5fa2dd/ffffff
884,183,http://dummyimage.com/382x363.png/dddddd/000000
885,431,http://dummyimage.com/179x191.png/ff4444/ffffff
886,903,http://dummyimage.com/175x274.png/5fa2dd/ffffff
887,393,http://dummyimage.com/522x371.png/cc0000/ffffff
888,164,http://dummyimage.com/527x346.png/dddddd/000000
889,789,http://dummyimage.com/185x353.png/cc0000/ffffff
890,534,http://dummyimage.com/264x570.png/cc0000/ffffff
891,425,http://dummyimage.com/111x235.png/5fa2dd/ffffff
892,806,http://dummyimage.com/499x130.png/cc0000/ffffff
893,140,http://dummyimage.com/431x127.png/dddddd/000000
894,307,http://dummyimage.com/430x320.png/ff4444/ffffff
895,922,http://dummyimage.com/224x275.png/5fa2dd/ffffff
896,16,http://dummyimage.com/556x602.png/dddddd/000000
897,631,http://dummyimage.com/157x456.png/5fa2dd/ffffff
898,348,http://dummyimage.com/198x338.png/ff4444/ffffff
899,333,http://dummyimage.com/323x117.png/5fa2dd/ffffff
900,139,http://dummyimage.com/493x610.png/ff4444/ffffff
901,5,http://dummyimage.com/291x471.png/5fa2dd/ffffff
902,33,http://dummyimage.com/575x521.png/5fa2dd/ffffff
903,201,http://dummyimage.com/531x168.png/ff4444/ffffff
904,618,http://dummyimage.com/565x607.png/5fa2dd/ffffff
905,547,http://dummyimage.com/563x240.png/cc0000/ffffff
906,527,http://dummyimage.com/547x358.png/5fa2dd/ffffff
907,660,http://dummyimage.com/538x544.png/cc0000/ffffff
908,756,http://dummyimage.com/542x539.png/cc0000/ffffff
909,889,http://dummyimage.com/506x271.png/5fa2dd/ffffff
910,531,http://dummyimage.com/243x634.png/5fa2dd/ffffff
911,56,http://dummyimage.com/376x610.png/cc0000/ffffff
912,435,http://dummyimage.com/209x306.png/cc0000/ffffff
913,868,http://dummyimage.com/132x480.png/ff4444/ffffff
914,547,http://dummyimage.com/139x319.png/dddddd/000000
915,973,http://dummyimage.com/210x283.png/cc0000/ffffff
916,490,http://dummyimage.com/572x358.png/dddddd/000000
917,302,http://dummyimage.com/604x589.png/5fa2dd/ffffff
918,3,http://dummyimage.com/121x338.png/dddddd/000000
919,15,http://dummyimage.com/282x264.png/5fa2dd/ffffff
920,142,http://dummyimage.com/462x569.png/ff4444/ffffff
921,533,http://dummyimage.com/278x579.png/dddddd/000000
922,323,http://dummyimage.com/627x248.png/ff4444/ffffff
923,466,http://dummyimage.com/381x450.png/cc0000/ffffff
924,459,http://dummyimage.com/229x103.png/ff4444/ffffff
925,355,http://dummyimage.com/175x237.png/5fa2dd/ffffff
926,330,http://dummyimage.com/126x605.png/dddddd/000000
927,885,http://dummyimage.com/505x251.png/ff4444/ffffff
928,976,http://dummyimage.com/573x577.png/cc0000/ffffff
929,444,http://dummyimage.com/421x159.png/5fa2dd/ffffff
930,832,http://dummyimage.com/410x490.png/ff4444/ffffff
931,265,http://dummyimage.com/211x348.png/5fa2dd/ffffff
932,405,http://dummyimage.com/117x436.png/cc0000/ffffff
933,610,http://dummyimage.com/264x125.png/ff4444/ffffff
934,657,http://dummyimage.com/531x362.png/ff4444/ffffff
935,397,http://dummyimage.com/506x359.png/5fa2dd/ffffff
936,142,http://dummyimage.com/138x177.png/cc0000/ffffff
937,463,http://dummyimage.com/357x144.png/5fa2dd/ffffff
938,272,http://dummyimage.com/304x404.png/dddddd/000000
939,485,http://dummyimage.com/225x334.png/dddddd/000000
940,883,http://dummyimage.com/244x583.png/5fa2dd/ffffff
941,643,http://dummyimage.com/608x267.png/ff4444/ffffff
942,149,http://dummyimage.com/302x249.png/dddddd/000000
943,636,http://dummyimage.com/335x329.png/dddddd/000000
944,716,http://dummyimage.com/460x126.png/ff4444/ffffff
945,635,http://dummyimage.com/108x486.png/dddddd/000000
946,371,http://dummyimage.com/494x162.png/cc0000/ffffff
947,94,http://dummyimage.com/608x465.png/5fa2dd/ffffff
948,115,http://dummyimage.com/178x116.png/5fa2dd/ffffff
949,851,http://dummyimage.com/513x509.png/5fa2dd/ffffff
950,863,http://dummyimage.com/517x169.png/dddddd/000000
951,136,http://dummyimage.com/585x301.png/dddddd/000000
952,757,http://dummyimage.com/225x489.png/5fa2dd/ffffff
953,690,http://dummyimage.com/340x382.png/dddddd/000000
954,107,http://dummyimage.com/542x626.png/dddddd/000000
955,822,http://dummyimage.com/416x267.png/dddddd/000000
956,67,http://dummyimage.com/148x286.png/5fa2dd/ffffff
957,905,http://dummyimage.com/219x280.png/dddddd/000000
958,385,http://dummyimage.com/122x214.png/cc0000/ffffff
959,3,http://dummyimage.com/430x149.png/dddddd/000000
960,294,http://dummyimage.com/308x339.png/ff4444/ffffff
961,767,http://dummyimage.com/183x109.png/cc0000/ffffff
962,691,http://dummyimage.com/328x563.png/dddddd/000000
963,260,http://dummyimage.com/629x484.png/cc0000/ffffff
964,740,http://dummyimage.com/601x486.png/ff4444/ffffff
965,234,http://dummyimage.com/559x545.png/dddddd/000000
966,729,http://dummyimage.com/454x189.png/dddddd/000000
967,246,http://dummyimage.com/313x267.png/dddddd/000000
968,649,http://dummyimage.com/344x498.png/dddddd/000000
969,393,http://dummyimage.com/571x485.png/5fa2dd/ffffff
970,337,http://dummyimage.com/508x151.png/5fa2dd/ffffff
971,844,http://dummyimage.com/298x194.png/5fa2dd/ffffff
972,712,http://dummyimage.com/421x505.png/5fa2dd/ffffff
973,174,http://dummyimage.com/406x609.png/cc0000/ffffff
974,560,http://dummyimage.com/455x310.png/cc0000/ffffff
975,280,http://dummyimage.com/507x525.png/cc0000/ffffff
976,597,http://dummyimage.com/578x514.png/5fa2dd/ffffff
977,197,http://dummyimage.com/238x515.png/cc0000/ffffff
978,860,http://dummyimage.com/128x580.png/dddddd/000000
979,159,http://dummyimage.com/275x453.png/ff4444/ffffff
980,433,http://dummyimage.com/189x269.png/cc0000/ffffff
981,911,http://dummyimage.com/552x551.png/5fa2dd/ffffff
982,921,http://dummyimage.com/482x447.png/cc0000/ffffff
983,576,http://dummyimage.com/401x597.png/dddddd/000000
984,360,http://dummyimage.com/288x171.png/5fa2dd/ffffff
985,191,http://dummyimage.com/605x374.png/cc0000/ffffff
986,301,http://dummyimage.com/374x119.png/dddddd/000000
987,97,http://dummyimage.com/556x165.png/ff4444/ffffff
988,645,http://dummyimage.com/340x311.png/5fa2dd/ffffff
989,48,http://dummyimage.com/460x387.png/ff4444/ffffff
990,865,http://dummyimage.com/374x249.png/dddddd/000000
991,113,http://dummyimage.com/200x330.png/5fa2dd/ffffff
992,872,http://dummyimage.com/574x265.png/5fa2dd/ffffff
993,759,http://dummyimage.com/371x593.png/cc0000/ffffff
994,651,http://dummyimage.com/493x436.png/dddddd/000000
995,522,http://dummyimage.com/615x268.png/5fa2dd/ffffff
996,902,http://dummyimage.com/242x254.png/ff4444/ffffff
997,629,http://dummyimage.com/635x398.png/dddddd/000000
998,935,http://dummyimage.com/293x335.png/5fa2dd/ffffff
999,432,http://dummyimage.com/609x347.png/cc0000/ffffff
1000,590,http://dummyimage.com/292x448.png/5fa2dd/ffffff
