id,post_id,user_id,content
1,883,848,"Sprain of unspecified site of left knee, sequela"
2,358,380,"Military operations involving other forms of conventional warfare, military personnel, sequela"
3,285,797,Dislocation of T6/T7 thoracic vertebra
4,23,97,"Nondisplaced fracture of shaft of right clavicle, initial encounter for open fracture"
5,264,365,Displaced transcondylar fracture of right humerus
6,694,607,"Unspecified injury of femoral vein at hip and thigh level, left leg, initial encounter"
7,689,388,"Driver of bus injured in collision with two- or three-wheeled motor vehicle in nontraffic accident, sequela"
8,210,753,Leakage of intraperitoneal dialysis catheter
9,90,805,Anterior subluxation of unspecified sternoclavicular joint
10,159,162,Congenital absence of vagina
11,582,123,"Laceration with foreign body of unspecified thumb with damage to nail, initial encounter"
12,558,809,"Poisoning by antihyperlipidemic and antiarteriosclerotic drugs, assault, subsequent encounter"
13,796,462,"Unspecified pedal cyclist injured in noncollision transport accident in nontraffic accident, initial encounter"
14,732,881,Complete or unspecified spontaneous abortion without complication
15,820,557,Secondary malignant neoplasm of right adrenal gland
16,562,10,"Osteitis deformans in neoplastic diseases, right lower leg"
17,911,926,"Terrorism, secondary effects, civilian injured, initial encounter"
18,282,78,Drowning and submersion due to fall off (nonpowered) inflatable craft
19,950,90,"Puncture wound with foreign body of anus, initial encounter"
20,422,286,Hypertension secondary to other renal disorders
21,440,747,"Corrosion of cornea and conjunctival sac, right eye, subsequent encounter"
22,936,150,"Pathological fracture in neoplastic disease, left radius, initial encounter for fracture"
23,887,121,"Displaced spiral fracture of shaft of ulna, unspecified arm, subsequent encounter for closed fracture with malunion"
24,67,916,"Displaced fracture of shaft of unspecified clavicle, subsequent encounter for fracture with routine healing"
25,556,247,"Fracture of base of skull, left side, initial encounter for closed fracture"
26,516,169,Periprosthetic fracture around internal prosthetic left elbow joint
27,978,767,"Nondisplaced spiral fracture of shaft of unspecified fibula, initial encounter for closed fracture"
28,861,590,"Other superficial bite of right eyelid and periocular area, initial encounter"
29,190,706,Displacement of implanted penile prosthesis
30,744,728,"Corrosions of other specified parts of right eye and adnexa, sequela"
31,207,867,"Dislocation of L2/L3 lumbar vertebra, subsequent encounter"
32,813,911,"Newborn affected by slow intrauterine growth, unspecified"
33,750,58,"Nondisplaced transverse fracture of shaft of unspecified femur, subsequent encounter for open fracture type I or II with routine healing"
34,934,810,Varicose veins of lower extremities with other complications
35,613,149,"Nondisplaced fracture of lesser trochanter of unspecified femur, subsequent encounter for closed fracture with delayed healing"
36,32,276,Laceration without foreign body of unspecified buttock
37,60,499,"Poisoning by cannabis (derivatives), assault, sequela"
38,943,877,Burn of second degree of right knee
39,827,222,"Unspecified motorcycle rider injured in collision with other nonmotor vehicle in traffic accident, initial encounter"
40,246,417,"Poisoning by macrolides, assault, initial encounter"
41,58,72,Pain in unspecified joint
42,366,162,"Struck by object due to collapse of building, sequela"
43,409,445,"Adverse effect of iminostilbenes, subsequent encounter"
44,470,638,"Superficial foreign body of left thumb, subsequent encounter"
45,528,697,"Strain of muscle, fascia and tendon of other parts of biceps, left arm, subsequent encounter"
46,501,549,"Insect bite (nonvenomous) of scalp, subsequent encounter"
47,118,859,"Unspecified subluxation of left little finger, subsequent encounter"
48,623,535,"Posterior dislocation of unspecified sternoclavicular joint, subsequent encounter"
49,118,903,"Other bursitis, not elsewhere classified, left hand"
50,934,636,Unspecified nephritic syndrome with diffuse crescentic glomerulonephritis
51,426,576,Gastrostomy status
52,153,873,"Complete lesion at C4 level of cervical spinal cord, subsequent encounter"
53,724,432,"Other secondary osteonecrosis, unspecified fibula"
54,86,577,"Salter-Harris Type IV physeal fracture of lower end of humerus, right arm, sequela"
55,713,869,Assault by strike by sport equipment
56,6,404,"Other specified injury of muscle and tendon of long extensor muscle of toe at ankle and foot level, left foot, subsequent encounter"
57,463,762,"Nondisplaced bimalleolar fracture of unspecified lower leg, subsequent encounter for open fracture type I or II with malunion"
58,537,439,"Subluxation of metacarpophalangeal joint of right little finger, subsequent encounter"
59,507,281,Motorcycle driver injured in collision with two- or three-wheeled motor vehicle in nontraffic accident
60,328,990,"Open angle with borderline findings, high risk"
61,988,866,Traumatic rupture of volar plate of other finger at metacarpophalangeal and interphalangeal joint
62,28,903,Other physeal fracture of right calcaneus
63,557,737,Open bite of back wall of thorax with penetration into thoracic cavity
64,831,368,"Total traumatic cataract, unspecified eye"
65,707,423,Other incomplete lesion at unspecified level of thoracic spinal cord
66,754,69,"Toxic effect of methanol, assault, subsequent encounter"
67,883,292,"Complete traumatic amputation of right forearm, level unspecified, initial encounter"
68,326,858,Monoplegia of lower limb following nontraumatic subarachnoid hemorrhage
69,813,909,Complete traumatic amputation of right ear
70,825,675,"Encounter for supervision of normal first pregnancy, third trimester"
71,100,774,"Nondisplaced segmental fracture of shaft of ulna, right arm, subsequent encounter for open fracture type IIIA, IIIB, or IIIC with malunion"
72,544,218,Borderline lepromatous leprosy
73,308,99,"Other superficial bite of right ring finger, initial encounter"
74,858,667,Unspecified abnormalities of gait and mobility
75,663,767,Corrosion of third degree of other site of trunk
76,469,273,Malignant neoplasm of parametrium
77,942,627,"Displacement of internal fixation device of bone of right forearm, initial encounter"
78,860,320,"Unspecified fracture of shaft of right tibia, subsequent encounter for closed fracture with malunion"
79,340,537,"Chondromalacia, left elbow"
80,496,936,Superficial foreign body of left ear
81,957,632,"Nondisplaced fracture of coronoid process of unspecified ulna, subsequent encounter for open fracture type IIIA, IIIB, or IIIC with delayed healing"
82,239,825,"Toxic effect of carbon dioxide, assault, initial encounter"
83,961,497,"Burn of unspecified degree of left wrist, initial encounter"
84,188,219,Hypnic headache
85,240,354,"Person injured in collision between railway train or railway vehicle and car, nontraffic, initial encounter"
86,824,435,"Toxic effect of glycols, undetermined, initial encounter"
87,917,114,"Toxic effect of corrosive acids and acid-like substances, intentional self-harm, sequela"
88,236,789,"Nondisplaced spiral fracture of shaft of left tibia, subsequent encounter for closed fracture with routine healing"
89,145,628,Coxa plana
90,365,936,"Maternal care for other isoimmunization, first trimester, fetus 4"
91,875,299,Malignant neoplasm of right optic nerve
92,26,74,"Laceration of intrinsic muscle, fascia and tendon of other finger at wrist and hand level, subsequent encounter"
93,929,184,"Posterior displaced fracture of sternal end of right clavicle, subsequent encounter for fracture with nonunion"
94,903,4,"Burn of second degree of other site of trunk, subsequent encounter"
95,645,567,Ventricular fibrillation and flutter
96,28,31,"Underdosing and nonadministration of necessary drug, medicament or biological substance"
97,820,346,Supervision of pregnancy with insufficient antenatal care
98,113,293,"Nondisplaced spiral fracture of shaft of radius, right arm"
99,159,867,"Nondisplaced transverse fracture of shaft of right radius, subsequent encounter for open fracture type IIIA, IIIB, or IIIC with delayed healing"
100,167,263,Partial traumatic amputation of right midfoot
101,879,440,"Other physeal fracture of upper end of left tibia, initial encounter for closed fracture"
102,489,120,"Intentional self-harm by gas, air or spring-operated guns"
103,312,403,Other specified intracranial injury with loss of consciousness greater than 24 hours with return to pre-existing conscious level
104,572,436,"Chalcosis, bilateral"
105,854,802,"Laceration of muscle and tendon of unspecified wall of thorax, initial encounter"
106,969,2,"Toxic effect of contact with other venomous marine animals, assault, initial encounter"
107,716,258,"Toxic effect of other tobacco and nicotine, accidental (unintentional), sequela"
108,749,536,"Otalgia, unspecified ear"
109,316,230,"Other cardiac complications of anesthesia during pregnancy, second trimester"
110,40,693,Subluxation of unspecified interphalangeal joint of unspecified finger
111,374,664,"Pedal cycle driver injured in collision with other pedal cycle in traffic accident, sequela"
112,754,370,"Adverse effect of unspecified psychotropic drug, initial encounter"
113,407,406,"Open bite, unspecified lower leg, sequela"
114,573,448,"Puncture wound without foreign body of left front wall of thorax with penetration into thoracic cavity, sequela"
115,624,585,"Nondisplaced fracture of lateral condyle of unspecified tibia, subsequent encounter for closed fracture with malunion"
116,308,695,"Twin pregnancy, monochorionic/monoamniotic, first trimester"
117,961,967,"Other fracture of right lower leg, subsequent encounter for open fracture type I or II with routine healing"
118,220,419,"Other fracture of right femur, subsequent encounter for open fracture type IIIA, IIIB, or IIIC with nonunion"
119,778,415,"Other fracture of shaft of unspecified ulna, subsequent encounter for closed fracture with malunion"
120,196,122,"Separation of muscle (nontraumatic), unspecified thigh"
121,366,639,Encounter for observation for suspected exposure to biological agents ruled out
122,482,94,"Laceration without foreign body, left knee"
123,83,533,Major laceration of left pulmonary blood vessels
124,867,234,"Abrasion of left ear, subsequent encounter"
125,45,397,Lateral dislocation of left patella
126,278,797,"Slipping, tripping and stumbling without falling due to stepping into hole or opening, sequela"
127,428,601,"Unspecified physeal fracture of phalanx of left toe, subsequent encounter for fracture with nonunion"
128,722,283,"Motorcycle rider (driver) (passenger) injured in unspecified traffic accident, initial encounter"
129,183,277,"Maternal hypotension syndrome, first trimester"
130,659,638,Burn of third degree of left knee
131,2,815,"Other physeal fracture of lower end of humerus, unspecified arm, subsequent encounter for fracture with nonunion"
132,17,505,"Dislocation of jaw, right side, subsequent encounter"
133,155,827,"Penetrating wound of orbit with or without foreign body, unspecified eye, initial encounter"
134,937,564,"Burn of first degree of unspecified site of left lower limb, except ankle and foot, subsequent encounter"
135,717,543,"Displaced fracture of shaft of unspecified metacarpal bone, subsequent encounter for fracture with routine healing"
136,831,318,"Laceration with foreign body of left great toe with damage to nail, initial encounter"
137,929,207,"Nondisplaced fracture of lower epiphysis (separation) of left femur, subsequent encounter for open fracture type IIIA, IIIB, or IIIC with nonunion"
138,951,838,"Insect bite (nonvenomous), right hip, sequela"
139,770,368,"Capsular contracture of breast implant, sequela"
140,332,238,"External constriction, unspecified lesser toe(s)"
141,488,564,Pure sensory lacunar syndrome
142,887,303,Pedestrian injured in collision with railway train or railway vehicle in nontraffic accident
143,291,575,"Displaced fracture of medial cuneiform of right foot, initial encounter for open fracture"
144,86,752,"Person on outside of dune buggy injured in nontraffic accident, sequela"
145,660,952,"Fall on same level from slipping, tripping and stumbling with subsequent striking against sharp object"
146,476,249,"Other specified injury of blood vessel of left middle finger, sequela"
147,435,873,Hematoma of pinna
148,143,87,"Exudative age-related macular degeneration, left eye, with inactive choroidal neovascularization"
149,757,45,Other specified diseases of upper respiratory tract
150,775,422,"Other specified rheumatoid arthritis, right knee"
151,20,458,Person on outside of pick-up truck or van injured in noncollision transport accident in nontraffic accident
152,6,828,"Other mechanical complication of femoral arterial graft (bypass), sequela"
153,119,504,"Person boarding or alighting a pedal cycle injured in collision with two- or three-wheeled motor vehicle, subsequent encounter"
154,24,403,Other sickle-cell disorders with splenic sequestration
155,741,398,"Other exposure to uncontrolled fire, not in building or structure"
156,407,688,"Complete traumatic amputation of right lower leg, level unspecified, sequela"
157,904,910,Neoplasm of unspecified behavior of breast
158,825,298,"Unspecified open wound of right ear, sequela"
159,358,753,"Unspecified traumatic nondisplaced spondylolisthesis of second cervical vertebra, sequela"
160,859,13,Plasmodium vivax malaria without complication
161,344,115,Ulcer of penis
162,76,608,"Other injury of bronchus, unilateral"
163,187,27,"Displaced fracture of lateral condyle of left femur, subsequent encounter for open fracture type IIIA, IIIB, or IIIC with routine healing"
164,520,736,Periumbilic abdominal rigidity
165,985,816,Besnier's prurigo
166,127,660,"Pathological dislocation of hand, not elsewhere classified"
167,208,871,Laceration without foreign body of hand
168,356,757,"Struck by raccoon, subsequent encounter"
169,807,152,"Other stimulant use, unspecified with intoxication, uncomplicated"
170,332,273,"Other fracture of upper end of left ulna, subsequent encounter for open fracture type I or II with malunion"
171,567,380,"Subluxation of L4/L5 lumbar vertebra, initial encounter"
172,341,634,Toxoplasma myositis
173,815,653,"Traumatic amputation of foot, level unspecified"
174,43,633,"Contact with mining and earth-drilling machinery, initial encounter"
175,982,580,"Osteophyte, ankle and foot"
176,93,183,"Complication of unspecified artery following a procedure, not elsewhere classified"
177,389,609,Malignant neoplasm of overlapping sites of bone and articular cartilage of left limb
178,942,970,"Primary blast injury of bronchus, bilateral"
179,383,864,Congenital stenosis of bronchus
180,722,246,Fracture of head and neck of femur
181,94,381,Other secondary osteonecrosis of unspecified carpus
182,990,655,Driver of pick-up truck or van injured in collision with heavy transport vehicle or bus in nontraffic accident
183,213,922,"Stable burst fracture of fourth lumbar vertebra, initial encounter for open fracture"
184,644,227,Actinic keratosis
185,105,529,"Other injury of descending [left] colon, initial encounter"
186,550,829,Postprocedural hemorrhage of a respiratory system organ or structure following other procedure
187,263,172,Family history of ischemic heart disease and other diseases of the circulatory system
188,899,199,"Burkitt lymphoma, intra-abdominal lymph nodes"
189,845,353,"Osteolysis, unspecified shoulder"
190,242,136,Subluxation of distal end of right ulna
191,677,813,"Underdosing of unspecified antipsychotics and neuroleptics, initial encounter"
192,26,380,"Occupant of animal-drawn vehicle injured in collision with other specified motor vehicle, initial encounter"
193,175,333,"Rheumatoid bursitis, hip"
194,753,501,Unspecified fracture of acetabulum
195,49,708,Accidental discharge of hunting rifle
196,263,865,"Displaced fracture of medial cuneiform of left foot, subsequent encounter for fracture with nonunion"
197,636,992,"Effusion, hand"
198,540,362,"Adverse effect of selective serotonin reuptake inhibitors, sequela"
199,972,664,Rheumatoid arthritis with rheumatoid factor of unspecified shoulder without organ or systems involvement
200,251,982,"Age-related osteoporosis with current pathological fracture, right hand, subsequent encounter for fracture with routine healing"
201,590,455,Other forms of aspergillosis
202,919,619,"Disorders of newborn related to short gestation and low birth weight, not elsewhere classified"
203,252,868,Unspecified nondisplaced fracture of third cervical vertebra
204,892,960,"Lead-induced chronic gout, right ankle and foot"
205,646,884,"Displacement of other ocular prosthetic devices, implants and grafts"
206,566,582,"Photokeratitis, left eye"
207,588,896,Other dislocation of unspecified patella
208,352,494,"Effusion, left elbow"
209,120,467,"Crushing injury of left lower leg, initial encounter"
210,989,75,"Salter-Harris Type I physeal fracture of upper end of unspecified femur, sequela"
211,35,840,"Poisoning by, adverse effect of and underdosing of unspecified drugs acting on muscles"
212,123,405,"Burn of third degree of left ear [any part, except ear drum], subsequent encounter"
213,778,495,"Other extraarticular fracture of lower end of right radius, subsequent encounter for open fracture type I or II with nonunion"
214,979,380,"Unspecified injury of axillary or brachial vein, right side"
215,553,245,Malignant neoplasm of upper-inner quadrant of unspecified female breast
216,264,157,"Other injury of other specified muscles, fascia and tendons at wrist and hand level, unspecified hand"
217,634,638,Acute pyelonephritis
218,748,391,Unspecified occupant of bus injured in collision with railway train or railway vehicle in nontraffic accident
219,278,428,"Papyraceous fetus, third trimester, fetus 3"
220,673,393,"Salter-Harris Type I physeal fracture of upper end of left femur, subsequent encounter for fracture with malunion"
221,822,676,"Injury of nerve root of cervical spine, sequela"
222,591,577,"Burn of unspecified degree of left thigh, initial encounter"
223,767,929,Corporo-venous occlusive erectile dysfunction
224,661,258,"Other chronic hematogenous osteomyelitis, humerus"
225,332,472,Other specified osteochondropathies of shoulder
226,646,620,Unspecified benign mammary dysplasia of left breast
227,411,935,"Displaced fracture of fifth metatarsal bone, unspecified foot, initial encounter for closed fracture"
228,274,254,"Other osteomyelitis, multiple sites"
229,783,717,"Superficial foreign body of unspecified forearm, subsequent encounter"
230,18,288,"Displaced dome fracture of left talus, subsequent encounter for fracture with routine healing"
231,679,269,Pain in throat
232,387,174,Dislocation of metatarsophalangeal joint of unspecified toe(s)
233,560,770,Persons encountering health services in other specified circumstances
234,248,722,Embolism following (induced) termination of pregnancy
235,534,323,"Other fracture of T11-T12 vertebra, subsequent encounter for fracture with nonunion"
236,424,493,"Nondisplaced fracture of anterior wall of left acetabulum, initial encounter for open fracture"
237,63,912,"Fistula, unspecified joint"
238,645,524,"Open bite of right great toe with damage to nail, initial encounter"
239,522,188,Personal history of peptic ulcer disease
240,946,729,"Fibrous dysplasia (monostotic), right hand"
241,793,825,"Drug-induced chronic gout, wrist"
242,993,360,"Other bursitis, not elsewhere classified, unspecified ankle and foot"
243,328,672,"Salter-Harris Type I physeal fracture of lower end of ulna, right arm, subsequent encounter for fracture with malunion"
244,387,771,"Nondisplaced fracture of lateral malleolus of right fibula, sequela"
245,502,529,"Strain of intrinsic muscle, fascia and tendon of other finger at wrist and hand level, initial encounter"
246,353,741,"Underdosing of local astringents and local detergents, sequela"
247,42,640,Other fracture of fifth cervical vertebra
248,894,696,Military operations involving unintentional restriction of air and airway
249,425,584,"Displaced fracture of lateral condyle of left tibia, subsequent encounter for open fracture type IIIA, IIIB, or IIIC with delayed healing"
250,221,895,Unspecified reduction defect of right lower limb
251,923,242,Abnormal cytologic smear of anus
252,939,783,"Displaced fracture of lateral malleolus of unspecified fibula, sequela"
253,759,97,"Poisoning by propionic acid derivatives, accidental (unintentional), subsequent encounter"
254,440,607,"Meniere's disease, bilateral"
255,403,224,"Nondisplaced fracture of hook process of hamate [unciform] bone, left wrist"
256,780,70,"Nondisplaced associated transverse-posterior fracture of unspecified acetabulum, sequela"
257,852,346,Laceration of muscle and tendon of unspecified wall of thorax
258,436,217,"Displaced segmental fracture of shaft of right tibia, subsequent encounter for closed fracture with routine healing"
259,573,780,"Poisoning by emollients, demulcents and protectants, accidental (unintentional), initial encounter"
260,1000,382,"Unspecified fracture of left lower leg, subsequent encounter for open fracture type I or II with routine healing"
261,817,858,Influenza due to unidentified influenza virus with gastrointestinal manifestations
262,729,72,"War operations involving chemical weapons and other forms of unconventional warfare, civilian, initial encounter"
263,813,606,"Displaced longitudinal fracture of unspecified patella, subsequent encounter for open fracture type I or II with malunion"
264,453,493,"Displaced oblique fracture of shaft of left radius, subsequent encounter for open fracture type IIIA, IIIB, or IIIC with delayed healing"
265,801,876,Osteonecrosis due to drugs of left radius
266,994,883,"Postdysenteric arthropathy, right shoulder"
267,805,322,Other drug induced dystonia
268,315,253,"Furuncle of trunk, unspecified"
269,305,748,"Anaphylactic reaction due to eggs, subsequent encounter"
270,784,854,Displaced fracture of olecranon process with intraarticular extension of unspecified ulna
271,738,192,"Other specified joint disorders, unspecified elbow"
272,799,1,"Pressure ulcer of right ankle, unspecified stage"
273,727,113,"Other specified complication of genitourinary prosthetic devices, implants and grafts"
274,727,162,"Nondisplaced transverse fracture of shaft of humerus, right arm"
275,771,875,"Corrosion of first degree of female genital region, initial encounter"
276,66,66,Rheumatoid heart disease with rheumatoid arthritis of right elbow
277,818,296,"Other mechanical complication of implanted electronic neurostimulator of spinal cord electrode (lead), initial encounter"
278,642,775,"Displaced oblique fracture of shaft of right fibula, subsequent encounter for open fracture type I or II with nonunion"
279,93,798,"Drowning and submersion due to unspecified watercraft overturning, subsequent encounter"
280,989,397,"Unspecified occupant of bus injured in collision with railway train or railway vehicle in traffic accident, subsequent encounter"
281,498,911,Other specified soft tissue disorders
282,527,767,"Other soft tissue disorders related to use, overuse and pressure, left shoulder"
283,163,14,"Bennett's fracture, left hand, subsequent encounter for fracture with malunion"
284,889,429,"Carcinoma in situ of skin of right lower limb, including hip"
285,815,24,"Person on outside of bus injured in collision with fixed or stationary object in nontraffic accident, sequela"
286,649,909,"Laceration of unspecified blood vessel at lower leg level, right leg, initial encounter"
287,42,588,Major laceration of body of pancreas
288,715,345,"Displaced fracture of triquetrum [cuneiform] bone, right wrist, subsequent encounter for fracture with malunion"
289,668,563,"Injury of ulnar nerve at wrist and hand level of unspecified arm, sequela"
290,76,612,"Unspecified injury of muscle, fascia and tendon of the posterior muscle group at thigh level, left thigh"
291,70,606,"Other fracture of head and neck of right femur, subsequent encounter for open fracture type IIIA, IIIB, or IIIC with delayed healing"
292,455,690,Unspecified dislocation of right shoulder joint
293,596,317,"Other fracture of upper and lower end of right fibula, subsequent encounter for open fracture type IIIA, IIIB, or IIIC with routine healing"
294,172,687,"Unspecified car occupant injured in collision with fixed or stationary object in nontraffic accident, initial encounter"
295,567,356,"Adverse effect of sulfonamides, subsequent encounter"
296,747,704,"Other fractures of lower end of right radius, subsequent encounter for open fracture type IIIA, IIIB, or IIIC with malunion"
297,470,47,"Other vascular disorders of iris and ciliary body, unspecified eye"
298,142,827,"Laceration without foreign body of right thumb without damage to nail, subsequent encounter"
299,928,336,Other fracture of head and neck of unspecified femur
300,45,159,"Other specified injury of long flexor muscle, fascia and tendon of unspecified thumb at wrist and hand level, initial encounter"
301,869,433,"Keratoconus, unspecified"
302,158,676,"Puncture wound without foreign body, unspecified knee, initial encounter"
303,765,637,"Minor laceration of unspecified internal jugular vein, subsequent encounter"
304,345,341,Subluxation of distal radioulnar joint of right wrist
305,673,534,"Congenital malformations of ovaries, fallopian tubes and broad ligaments"
306,40,311,"Unspecified superficial injury of left lesser toe(s), sequela"
307,122,176,"Poisoning by antitussives, assault, subsequent encounter"
308,176,464,Sickle-cell thalassemia with splenic sequestration
309,194,952,Other and unspecified corneal edema
310,433,564,"Contusion of sigmoid colon, initial encounter"
311,361,706,"Strain of unspecified muscle(s) and tendon(s) at lower leg level, unspecified leg, initial encounter"
312,925,359,"Dislocation of distal radioulnar joint of right wrist, subsequent encounter"
313,934,371,Injury to barefoot water-skier
314,580,910,"Poisoning by other antipsychotics and neuroleptics, intentional self-harm, sequela"
315,116,828,"Fracture of unspecified part of neck of left femur, subsequent encounter for open fracture type I or II with malunion"
316,36,720,"Premature rupture of membranes, onset of labor within 24 hours of rupture, unspecified weeks of gestation"
317,606,404,Squamous cell carcinoma of skin of breast
318,417,280,"Malignant neoplasm of upper lobe, left bronchus or lung"
319,734,668,Other benign neoplasm of skin of ear and external auricular canal
320,100,313,"Malignant neoplasm of colon, unspecified"
321,448,387,Adult onset fluency disorder
322,858,182,Other symptoms and signs involving cognitive functions following cerebral infarction
323,670,522,"Displaced unspecified condyle fracture of lower end of unspecified femur, subsequent encounter for closed fracture with malunion"
324,9,960,Secondary malignant neoplasm of bone and bone marrow
325,102,428,"Burn of unspecified degree of right thumb (nail), sequela"
326,403,202,"Bather struck by nonpowered watercraft, sequela"
327,16,709,"Underdosing of emetics, subsequent encounter"
328,823,82,"Postdysenteric arthropathy, unspecified elbow"
329,53,150,Other effects of reduced temperature
330,599,689,"Nondisplaced avulsion fracture of left ilium, subsequent encounter for fracture with routine healing"
331,731,87,"Traumatic rupture of volar plate of left little finger at metacarpophalangeal and interphalangeal joint, initial encounter"
332,767,80,"Pregnancy related exhaustion and fatigue, first trimester"
333,716,516,Frostbite with tissue necrosis of right toe(s)
334,667,539,Undue concern and preoccupation with stressful events
335,158,60,Corrosion of second degree of unspecified elbow
336,462,124,"Torus fracture of lower end of unspecified radius, sequela"
337,64,212,Renal failure following failed attempted termination of pregnancy
338,380,804,"Poisoning by, adverse effect of and underdosing of dental drugs, topically applied"
339,365,343,External constriction of lower leg
340,505,96,"Displaced comminuted fracture of unspecified patella, subsequent encounter for closed fracture with routine healing"
341,533,786,"Displaced oblique fracture of shaft of left fibula, subsequent encounter for closed fracture with delayed healing"
342,143,772,"Other specified hearing loss, bilateral"
343,203,690,Hyperkalemia
344,511,77,"Strain of muscle and tendon of long flexor muscle of toe at ankle and foot level, left foot"
345,668,718,"Other articular cartilage disorders, right hip"
346,201,288,"Idiopathic gout, hand"
347,824,585,"Strain of other flexor muscle, fascia and tendon at forearm level, right arm, sequela"
348,206,782,"Driver of dune buggy injured in nontraffic accident, sequela"
349,925,9,"Pre-existing hypertensive chronic kidney disease complicating pregnancy, childbirth and the puerperium"
350,912,40,"Other nondisplaced fracture of lower end of right humerus, initial encounter for open fracture"
351,196,868,Rheumatoid myopathy with rheumatoid arthritis of shoulder
352,780,64,"Unspecified injury of unspecified muscle and tendon at ankle and foot level, left foot"
353,881,580,"Chronic angle-closure glaucoma, right eye, indeterminate stage"
354,338,4,Kitchen in apartment as the place of occurrence of the external cause
355,641,368,"Burn of second degree of right ankle, subsequent encounter"
356,545,439,"Military operations involving fragments from munitions, civilian"
357,604,470,"Unspecified fracture of right forearm, subsequent encounter for open fracture type I or II with routine healing"
358,367,791,"Pathological fracture in other disease, left hand, initial encounter for fracture"
359,291,756,"Cysts of oral region, not elsewhere classified"
360,297,532,"Contact with knife, subsequent encounter"
361,889,774,"Stress fracture, right foot, subsequent encounter for fracture with nonunion"
362,578,359,"Other specified joint disorders, left elbow"
363,727,53,"Displacement of internal fixation device of left humerus, subsequent encounter"
364,329,779,"Small cell B-cell lymphoma, intrathoracic lymph nodes"
365,173,90,Foodborne Clostridium perfringens [Clostridium welchii] intoxication
366,781,806,"Mechanical complication of other bone devices, implants and grafts"
367,363,786,"Unspecified fracture of lower end of right femur, initial encounter for open fracture type IIIA, IIIB, or IIIC"
368,634,499,"Unspecified inflammatory spondylopathy, site unspecified"
369,601,414,"Jumping or diving into swimming pool striking wall causing other injury, initial encounter"
370,314,286,"Unspecified fracture of shaft of left femur, initial encounter for closed fracture"
371,658,2,"Nondisplaced pilon fracture of left tibia, subsequent encounter for open fracture type I or II with nonunion"
372,760,986,Injury of other urinary and pelvic organ
373,893,732,"Corrosion of second degree of multiple sites of head, face, and neck, sequela"
374,301,858,"Pathological dislocation of left hip, not elsewhere classified"
375,514,915,"Contusion, laceration, and hemorrhage of brainstem"
376,656,213,Leakage of femoral arterial graft (bypass)
377,325,82,"Injury of right internal carotid artery, intracranial portion, not elsewhere classified with loss of consciousness greater than 24 hours with return to pre-existing conscious level, initial encounter"
378,991,234,Focal hyperhidrosis
379,119,127,Retiform parapsoriasis
380,69,624,"Maternal care for unstable lie, fetus 2"
381,736,914,Other burn on board fishing boat
382,844,530,"Poisoning by, adverse effect of and underdosing of other antacids and anti-gastric-secretion drugs"
383,202,65,Oblique fracture of shaft of ulna
384,608,249,"Salter-Harris Type II physeal fracture of lower end of unspecified fibula, subsequent encounter for fracture with malunion"
385,775,212,"Foreign body on external eye, part unspecified, right eye, initial encounter"
386,397,878,"Complete traumatic amputation of unspecified forearm, level unspecified, initial encounter"
387,461,531,"Superficial frostbite of right finger(s), initial encounter"
388,116,799,"Other specified bursopathies, right wrist"
389,615,781,Other specified noninflammatory disorders of vulva and perineum
390,796,970,"Displaced fracture of coracoid process, right shoulder, sequela"
391,177,986,"Person injured in other specified noncollision transport accidents involving motor vehicle (traffic), sequela"
392,908,935,"Instability of internal left knee prosthesis, initial encounter"
393,880,997,Contusion of right little finger without damage to nail
394,871,811,"Toxic effect of venom of scorpion, undetermined"
395,615,465,"Complete traumatic transmetacarpal amputation of left hand, sequela"
396,129,554,Other conjunctival vascular disorders and cysts
397,91,529,"Military operations involving explosion of torpedo, civilian, initial encounter"
398,175,540,"Rh incompatibility reaction due to transfusion of blood or blood products, unspecified, subsequent encounter"
399,499,439,"Displaced fracture of medial cuneiform of left foot, initial encounter for closed fracture"
400,37,917,"Fatigue fracture of vertebra, cervicothoracic region, initial encounter for fracture"
401,735,902,"Unspecified displaced fracture of surgical neck of unspecified humerus, initial encounter for open fracture"
402,496,825,Unspecified retinal detachment with retinal break
403,147,565,"Nondisplaced fracture of lateral condyle of unspecified femur, subsequent encounter for open fracture type IIIA, IIIB, or IIIC with nonunion"
404,86,378,"Activity, surfing, windsurfing and boogie boarding"
405,947,85,"Dislocation of T6/T7 thoracic vertebra, sequela"
406,784,320,"Nondisplaced fracture of glenoid cavity of scapula, left shoulder, subsequent encounter for fracture with malunion"
407,499,340,"Superficial frostbite of left ear, sequela"
408,845,820,Opioid abuse with opioid-induced psychotic disorder with hallucinations
409,672,774,"Displaced fracture of acromial process, right shoulder"
410,313,719,"Poisoning by other antipsychotics and neuroleptics, assault, subsequent encounter"
411,154,787,"Motorcycle passenger injured in noncollision transport accident in nontraffic accident, initial encounter"
412,243,509,Osteochondritis dissecans other site
413,410,557,Hemorrhage of incontinent external stoma of urinary tract
414,608,25,"Dislocation of C4/C5 cervical vertebrae, sequela"
415,187,669,Orchitis
416,499,116,Gonococcal female pelvic inflammatory disease
417,936,237,Corrosion of unspecified degree of multiple sites of right wrist and hand
418,851,296,"Other chronic hematogenous osteomyelitis, humerus"
419,61,62,"Person on outside of special industrial vehicle injured in nontraffic accident, sequela"
420,584,316,"Displaced supracondylar fracture without intracondylar extension of lower end of left femur, subsequent encounter for closed fracture with routine healing"
421,785,803,"Nondisplaced oblique fracture of shaft of humerus, right arm, initial encounter for closed fracture"
422,428,429,Insect bite (nonvenomous) of unspecified part of head
423,281,644,"Other mechanical complication of other internal orthopedic devices, implants and grafts, initial encounter"
424,100,9,"Acute kidney failure, unspecified"
425,575,6,"Displaced pilon fracture of unspecified tibia, subsequent encounter for open fracture type IIIA, IIIB, or IIIC with routine healing"
426,760,435,"War operations involving incendiary bullet, military personnel, subsequent encounter"
427,940,487,Internal ophthalmoplegia (complete) (total)
428,108,200,Encounter for screening for malignant neoplasm of small intestine
429,586,772,"Breakdown (mechanical) of artificial skin graft and decellularized allodermis, sequela"
430,680,40,Pleural plaque
431,446,950,"Open bite of lower back and pelvis without penetration into retroperitoneum, initial encounter"
432,807,687,Adverse effect of other antihypertensive drugs
433,709,684,"Infection and inflammatory reaction due to nervous system devices, implants and graft"
434,67,510,"Muscle wasting and atrophy, not elsewhere classified, left upper arm"
435,959,546,"Muscle wasting and atrophy, not elsewhere classified, left hand"
436,694,150,"Other fracture of left patella, initial encounter for open fracture type I or II"
437,679,268,"Other secondary osteonecrosis, left tibia"
438,559,116,Other nonrheumatic mitral valve disorders
439,124,708,Other abnormal bowel sounds
440,420,611,Venous complications and hemorrhoids in the puerperium
441,842,250,"Poisoning by opium, undetermined, sequela"
442,795,338,Unspecified ectropion of right upper eyelid
443,381,982,"Chronic gout due to renal impairment, unspecified hip, without tophus (tophi)"
444,26,189,"Poisoning by other topical agents, undetermined, sequela"
445,300,954,"Displaced fracture of trapezoid [smaller multangular], unspecified wrist, subsequent encounter for fracture with malunion"
446,844,694,Activities involving roller coasters and other types of external motion
447,775,752,Burn of first degree of chin
448,26,976,"Dislocation of T8/T9 thoracic vertebra, initial encounter"
449,48,779,"Other acute osteomyelitis, multiple sites"
450,469,778,"Burn of first degree of unspecified scapular region, initial encounter"
451,683,172,Triploidy and polyploidy
452,747,320,Subluxation of unspecified acromioclavicular joint
453,173,747,"Dislocation of metacarpophalangeal joint of unspecified finger, sequela"
454,941,715,"Open bite of right hand, subsequent encounter"
455,51,56,"Complete loss of teeth due to caries, unspecified class"
456,331,171,"Corrosion of third degree of multiple right fingers (nail), not including thumb"
457,194,305,"Conjunctival hyperemia, right eye"
458,757,32,"Stress fracture, right shoulder, initial encounter for fracture"
459,688,285,"Displaced fracture of right tibial spine, subsequent encounter for open fracture type IIIA, IIIB, or IIIC with routine healing"
460,409,330,"Poisoning by unspecified antipsychotics and neuroleptics, assault"
461,627,663,"Unspecified injury of muscle and tendon of long flexor muscle of toe at ankle and foot level, right foot, sequela"
462,435,498,Rheumatoid arthritis with rheumatoid factor of unspecified site without organ or systems involvement
463,801,704,Complete traumatic amputation of two or more right lesser toes
464,128,295,Situs inversus
465,102,344,Burn of unspecified degree of shoulder
466,405,743,"Nondisplaced other extraarticular fracture of unspecified calcaneus, subsequent encounter for fracture with malunion"
467,206,285,"External constriction, left great toe"
468,315,520,Basal cell carcinoma of skin of left ear and external auricular canal
469,983,58,"Rupture of uterus before onset of labor, second trimester"
470,120,185,Dislocation of C6/C7 cervical vertebrae
471,784,89,Rheumatoid polyneuropathy with rheumatoid arthritis of unspecified elbow
472,475,18,Personal history of diseases of the digestive system
473,145,185,"Other fracture of upper end of right radius, initial encounter for open fracture type I or II"
474,191,689,Traumatic subarachnoid hemorrhage with loss of consciousness greater than 24 hours with return to pre-existing conscious level
475,799,144,"Other intraoperative complications of eye and adnexa, not elsewhere classified"
476,250,751,"Nondisplaced fracture of lesser trochanter of unspecified femur, sequela"
477,511,685,Non-pressure chronic ulcer of right heel and midfoot limited to breakdown of skin
478,749,829,Direct infection of left shoulder in infectious and parasitic diseases classified elsewhere
479,137,17,Fall into natural body of water striking water surface causing drowning and submersion
480,181,360,Alcohol related disorders
481,158,304,"Toxic effect of smoke, intentional self-harm, initial encounter"
482,138,902,"Insect bite (nonvenomous) of other finger, initial encounter"
483,598,453,Pre-existing hypertensive heart and chronic kidney disease complicating pregnancy
484,421,810,Other congenital malformation of penis
485,630,245,Other public administrative building as the place of occurrence of the external cause
486,269,597,"Crohn's disease, unspecified, without complications"
487,312,737,Lymphocutaneous sporotrichosis
488,209,454,"Toxic effect of fusel oil, intentional self-harm, subsequent encounter"
489,1,140,Traumatic rupture of unspecified ligament of right ring finger at metacarpophalangeal and interphalangeal joint
490,130,356,"Unspecified subluxation of unspecified wrist and hand, initial encounter"
491,21,813,Malignant neoplasm of cortex of unspecified adrenal gland
492,991,1,Other specified injuries of elbow and forearm
493,750,830,Atherosclerosis of nonautologous biological bypass graft(s) of the right leg with ulceration of unspecified site
494,28,66,"Burn of unspecified degree of multiple sites of left wrist and hand, initial encounter"
495,102,247,"Burn of first degree of multiple sites of right wrist and hand, sequela"
496,291,732,"Unspecified injury of left carotid artery, initial encounter"
497,904,797,Assault by other hot objects
498,525,695,Atrial premature depolarization
499,941,400,"Pressure ulcer of right hip, stage 4"
500,267,150,"Low lying placenta with hemorrhage, first trimester"
501,598,490,"Infection and inflammatory reaction due to other internal joint prosthesis, sequela"
502,588,13,Cortical blindness
503,562,56,Cat-scratch disease
504,860,921,Accidental puncture and laceration of other nervous system organ or structure during other procedure
505,929,584,"Unspecified focal traumatic brain injury with loss of consciousness of 31 minutes to 59 minutes, initial encounter"
506,29,903,"Poisoning by, adverse effect of and underdosing of hormones and their synthetic substitutes and antagonists, not elsewhere classified"
507,559,509,Chronic and other pulmonary manifestations due to radiation
508,639,624,"Unspecified foreign body in trachea causing asphyxiation, subsequent encounter"
509,414,922,"Nondisplaced spiral fracture of shaft of humerus, unspecified arm, subsequent encounter for fracture with nonunion"
510,377,856,Double pterygium of right eye
511,144,748,"Burn of first degree of unspecified site of left lower limb, except ankle and foot, sequela"
512,811,280,Web of larynx
513,368,12,"Exposure to welding light (arc), subsequent encounter"
514,239,956,"Age-related osteoporosis with current pathological fracture, left femur, subsequent encounter for fracture with routine healing"
515,896,216,"Nondisplaced fracture of right radial styloid process, subsequent encounter for open fracture type I or II with malunion"
516,829,521,"Injury of left internal carotid artery, intracranial portion, not elsewhere classified with loss of consciousness of 31 minutes to 59 minutes, sequela"
517,799,89,Chronic lacrimal mucocele of unspecified lacrimal passage
518,515,100,"Unspecified car occupant injured in collision with unspecified motor vehicles in traffic accident, sequela"
519,719,15,"Anaplastic large cell lymphoma, ALK-negative, intrathoracic lymph nodes"
520,216,172,"Blister (nonthermal) of right back wall of thorax, initial encounter"
521,402,661,"Explosion and rupture of other gas cylinder, initial encounter"
522,651,90,"Allergic dermatitis of unspecified eye, unspecified eyelid"
523,833,187,"Asphyxiation due to hanging, undetermined, initial encounter"
524,529,625,Other intraarticular fracture of lower end of right radius
525,215,490,"Contact with hotplate, initial encounter"
526,939,264,"Toxic effect of unspecified corrosive substance, accidental (unintentional), sequela"
527,981,550,"Unspecified fracture of shaft of right ulna, subsequent encounter for open fracture type IIIA, IIIB, or IIIC with malunion"
528,951,35,"Strain of other specified muscles and tendons at ankle and foot level, right foot, sequela"
529,487,378,"Open bite of unspecified eyelid and periocular area, sequela"
530,61,810,Raised antibody titer
531,384,781,"Shock due to anesthesia, subsequent encounter"
532,363,547,"Other injury of other part of colon, sequela"
533,24,61,Injury of intrinsic muscle and tendon at ankle and foot level
534,569,838,"Nondisplaced spiral fracture of shaft of ulna, unspecified arm, subsequent encounter for open fracture type IIIA, IIIB, or IIIC with nonunion"
535,181,877,Aphasia following other nontraumatic intracranial hemorrhage
536,824,423,Abuse of steroids or hormones
537,167,621,Adverse effect of peripheral vasodilators
538,128,350,Unspecified superficial injury of ear
539,916,681,"Other physeal fracture of lower end of unspecified tibia, subsequent encounter for fracture with delayed healing"
540,795,646,"Unspecified injury of intrinsic muscle, fascia and tendon of right index finger at wrist and hand level, subsequent encounter"
541,257,171,Unspecified superficial injury of unspecified upper arm
542,726,841,"Displaced fracture of base of neck of unspecified femur, subsequent encounter for open fracture type IIIA, IIIB, or IIIC with delayed healing"
543,617,132,"Other fractures of lower end of left radius, initial encounter for open fracture type IIIA, IIIB, or IIIC"
544,646,341,"Displaced spiral fracture of shaft of left fibula, subsequent encounter for closed fracture with routine healing"
545,3,558,Hyperparathyroidism and other disorders of parathyroid gland
546,367,843,"Activity, sleeping"
547,337,940,Other disorders of pigmentation
548,997,817,"Atypical femoral fracture, unspecified, initial encounter for fracture"
549,569,734,"Burn of first degree of multiple sites of unspecified ankle and foot, sequela"
550,71,195,"Contusion of unspecified eyelid and periocular area, initial encounter"
551,732,284,"Other disorders of bone development and growth, right shoulder"
552,640,918,"Displaced comminuted supracondylar fracture without intercondylar fracture of unspecified humerus, subsequent encounter for fracture with malunion"
553,174,460,"Burn of second degree of multiple sites of shoulder and upper limb, except wrist and hand"
554,192,51,"Other specified injury of muscle, fascia and tendon of left hip"
555,253,530,"Pathological fracture in neoplastic disease, unspecified femur, subsequent encounter for fracture with malunion"
556,81,101,"Person boarding or alighting a heavy transport vehicle injured in collision with car, pick-up truck or van, subsequent encounter"
557,918,759,Other fracture of lower end of unspecified tibia
558,823,821,"Traumatic rupture of unspecified ear drum, subsequent encounter"
559,617,627,"Pathological fracture in other disease, unspecified humerus, subsequent encounter for fracture with nonunion"
560,626,197,Person on outside of car injured in collision with pedestrian or animal in traffic accident
561,345,530,"Other anterior dislocation of right hip, sequela"
562,191,461,"Burns of other specified parts of unspecified eye and adnexa, sequela"
563,499,439,"Type 1 diabetes mellitus with proliferative diabetic retinopathy with traction retinal detachment involving the macula, left eye"
564,561,399,"Stress fracture, right toe(s), subsequent encounter for fracture with nonunion"
565,757,185,"Complete traumatic transphalangeal amputation of right ring finger, sequela"
566,215,153,"Unspecified fracture of right forearm, subsequent encounter for open fracture type IIIA, IIIB, or IIIC with routine healing"
567,573,307,"Laceration without foreign body of abdominal wall, epigastric region without penetration into peritoneal cavity, subsequent encounter"
568,549,444,"Car passenger injured in collision with railway train or railway vehicle in nontraffic accident, sequela"
569,84,600,"Toxic effect of chromium and its compounds, accidental (unintentional)"
570,687,241,"Colles' fracture of left radius, initial encounter for open fracture type IIIA, IIIB, or IIIC"
571,695,259,Acute bronchitis due to Mycoplasma pneumoniae
572,289,891,"Ciguatera fish poisoning, assault, initial encounter"
573,863,426,Open bite of unspecified eyelid and periocular area
574,982,430,Private driveway to single-family (private) house as the place of occurrence of the external cause
575,461,735,"Unspecified disorder of synovium and tendon, shoulder"
576,395,45,"Anxiety disorder, unspecified"
577,785,300,"Age-related osteoporosis with current pathological fracture, left forearm, initial encounter for fracture"
578,34,682,"Laceration of extensor muscle, fascia and tendon of right index finger at wrist and hand level, sequela"
579,322,719,"Other corneal deformities, right eye"
580,384,88,"Burn with resulting rupture and destruction of right eyeball, initial encounter"
581,683,29,"Fracture of orbital floor, unspecified side, subsequent encounter for fracture with routine healing"
582,421,858,"Subluxation of distal interphalangeal joint of left middle finger, subsequent encounter"
583,54,677,"Displaced fracture of proximal phalanx of left thumb, subsequent encounter for fracture with nonunion"
584,147,63,"Nondisplaced transcondylar fracture of right humerus, subsequent encounter for fracture with routine healing"
585,241,283,"Other superficial bite of unspecified ear, initial encounter"
586,515,859,"Skeletal fluorosis, left hand"
587,412,124,"Displacement of implanted electronic neurostimulator of spinal cord electrode (lead), initial encounter"
588,452,652,"Burn of unspecified degree of left hand, unspecified site, subsequent encounter"
589,302,534,"Central serous chorioretinopathy, right eye"
590,136,980,"Unspecified injury of unspecified muscles, fascia and tendons at forearm level, unspecified arm, subsequent encounter"
591,541,40,"Toxic effect of other specified inorganic substances, undetermined, initial encounter"
592,237,961,"Nondisplaced other extraarticular fracture of left calcaneus, sequela"
593,634,872,External constriction of ankle
594,167,998,"Displaced supracondylar fracture without intracondylar extension of lower end of right femur, initial encounter for open fracture type I or II"
595,761,635,"Nondisplaced fracture of medial malleolus of right tibia, subsequent encounter for open fracture type IIIA, IIIB, or IIIC with routine healing"
596,398,93,"Major laceration of right kidney, subsequent encounter"
597,201,887,"Laceration without foreign body of right ring finger with damage to nail, initial encounter"
598,894,91,Other conduct disorders
599,525,850,Acute Chagas' disease with heart involvement
600,91,455,"Displaced fracture of olecranon process without intraarticular extension of right ulna, subsequent encounter for open fracture type I or II with malunion"
601,267,15,"Injury of unspecified nerve at wrist and hand level of unspecified arm, sequela"
602,327,271,Osteitis deformans of hand
603,865,322,Other injury of pancreas
604,867,212,"Maternal care for Anti-A sensitization, second trimester, fetus 4"
605,387,596,"Congenital malformation of stomach, unspecified"
606,496,567,"Fracture of unspecified part of body of left mandible, subsequent encounter for fracture with routine healing"
607,219,288,"Nondisplaced fracture of fourth metatarsal bone, left foot"
608,777,93,"Infection and inflammatory reaction due to internal right hip prosthesis, sequela"
609,48,49,"Osteitis deformans in neoplastic diseases, unspecified site"
610,208,180,"Struck by other sports foot wear, sequela"
611,59,2,Subluxation of unspecified parts of right shoulder girdle
612,547,838,"Osteitis condensans, unspecified lower leg"
613,219,394,"Unspecified injury of posterior tibial artery, unspecified leg, sequela"
614,237,439,"Chronic gout due to renal impairment, left wrist, with tophus (tophi)"
615,440,840,"Fracture of unspecified phalanx of left little finger, subsequent encounter for fracture with nonunion"
616,209,272,"Parasitic endophthalmitis, unspecified, bilateral"
617,619,798,"Other fracture of shaft of left humerus, initial encounter for closed fracture"
618,509,624,"Nondisplaced supracondylar fracture with intracondylar extension of lower end of right femur, sequela"
619,847,154,Encounter for fitting and adjustment of other gastrointestinal appliance and device
620,15,712,"Unspecified open wound of left front wall of thorax without penetration into thoracic cavity, sequela"
621,812,85,"Chronic slipped upper femoral epiphysis (nontraumatic), unspecified hip"
622,176,830,"Toxic effect of tin and its compounds, undetermined, subsequent encounter"
623,341,242,"Subluxation of distal radioulnar joint of right wrist, subsequent encounter"
624,75,578,"Poisoning by, adverse effect of and underdosing of thrombolytic drugs"
625,665,376,"Effusion, right knee"
626,653,205,"Laceration of unspecified part of colon, subsequent encounter"
627,543,948,Cellulitis of other sites
628,576,151,"Puncture wound with foreign body of right cheek and temporomandibular area, sequela"
629,741,53,"Sprain of other parts of lumbar spine and pelvis, sequela"
630,500,833,"Toxic effect of beryllium and its compounds, assault"
631,838,592,"Anxiety disorder, unspecified"
632,11,310,"Follicular lymphoma grade IIIb, spleen"
633,419,235,"Unspecified displaced fracture of seventh cervical vertebra, initial encounter for open fracture"
634,55,447,"Unspecified injury of other specified muscles, fascia and tendons at thigh level, unspecified thigh, subsequent encounter"
635,420,754,"Other nondisplaced fracture of upper end of left humerus, initial encounter for open fracture"
636,985,922,Struck by falling object on other powered watercraft
637,479,263,Exostosis of orbit
638,841,533,Encounter for fitting and adjustment of partial artificial right leg
639,372,549,Postprocedural hemorrhage of a genitourinary system organ or structure following a procedure
640,805,571,"Retracted nipple associated with pregnancy, unspecified trimester"
641,648,412,Vitiligo of eyelid and periocular area
642,594,163,Puncture wound without foreign body of right hand
643,116,873,"Type 1 diabetes mellitus with moderate nonproliferative diabetic retinopathy without macular edema, bilateral"
644,387,382,Cor triatriatum
645,741,468,"Injury of left internal carotid artery, intracranial portion, not elsewhere classified with loss of consciousness of 30 minutes or less"
646,625,427,Encounter for screening for malignant neoplasm of cervix
647,322,320,"Burn of first degree of unspecified site of right lower limb, except ankle and foot, sequela"
648,732,69,"Follicular lymphoma grade I, lymph nodes of axilla and upper limb"
649,849,64,"Other injury due to other accident to merchant ship, initial encounter"
650,862,612,"Maternal care for excessive fetal growth, first trimester, fetus 3"
651,15,78,"Unspecified injury of popliteal vein, left leg, initial encounter"
652,112,875,Low lying placenta NOS or without hemorrhage
653,773,995,"Crushing injury of unspecified part(s) of unspecified wrist, hand and fingers, sequela"
654,247,666,"Traumatic amputation (partial) of part of thorax, except breast"
655,836,220,"Injury of unspecified nerve of thorax, sequela"
656,745,365,"Blister (nonthermal) of other specified part of neck, subsequent encounter"
657,280,347,"Maternal care for hydrops fetalis, third trimester, fetus 3"
658,625,656,"Laceration with foreign body of penis, sequela"
659,192,354,Tic disorder
660,273,786,"Ankylosis, left knee"
661,729,786,"Corrosion of second degree of left wrist, subsequent encounter"
662,83,673,Medial subluxation of unspecified ulnohumeral joint
663,56,82,"Velamentous insertion of umbilical cord, unspecified trimester"
664,160,685,Non-pressure chronic ulcer of unspecified thigh
665,442,209,"Nondisplaced comminuted fracture of shaft of ulna, left arm, initial encounter for open fracture type IIIA, IIIB, or IIIC"
666,657,740,"Corrosion of first degree of unspecified site of left lower limb, except ankle and foot"
667,758,519,"Nondisplaced fracture of proximal phalanx of unspecified lesser toe(s), subsequent encounter for fracture with delayed healing"
668,353,204,Cutaneous abscess of hand
669,962,826,Abnormal level of enzymes in specimens from male genital organs
670,561,654,"Exposure to bed fire due to other burning material, subsequent encounter"
671,511,898,"Brown-Sequard syndrome at T7-T10 level of thoracic spinal cord, subsequent encounter"
672,460,722,Crushing injury of left wrist
673,173,429,"Cluster headache syndrome, unspecified, not intractable"
674,92,833,"Dislocation of metatarsophalangeal joint of unspecified toe(s), sequela"
675,165,583,Perforation due to foreign body accidentally left in body following kidney dialysis
676,222,834,Contact with other hot fluids
677,240,775,"Aggressive periodontitis, generalized, slight"
678,457,104,"Unspecified fracture of left forearm, subsequent encounter for closed fracture with delayed healing"
679,723,845,Neonatal urinary tract infection
680,827,707,"Disorder of ligament, right ankle"
681,410,33,Tennis court as the place of occurrence of the external cause
682,387,181,"Contusion of right hand, subsequent encounter"
683,622,387,Dysphasia following unspecified cerebrovascular disease
684,500,166,"Unspecified atherosclerosis of unspecified type of bypass graft(s) of the extremities, other extremity"
685,352,757,"Benign neoplasm of major salivary gland, unspecified"
686,574,526,"Unspecified injury of muscle(s) and tendon(s) of anterior muscle group at lower leg level, right leg"
687,643,575,"Other fracture of shaft of right ulna, initial encounter for open fracture type I or II"
688,191,122,"Poisoning by sulfonamides, undetermined, subsequent encounter"
689,163,977,"Other superficial bite of unspecified ear, initial encounter"
690,675,952,"Poisoning by local anesthetics, assault, sequela"
691,792,984,"Displaced fracture of greater trochanter of unspecified femur, initial encounter for open fracture type I or II"
692,362,715,Dieulafoy lesion of intestine
693,721,905,"Thrombosis due to nervous system prosthetic devices, implants and grafts"
694,182,761,"Nondisplaced Maisonneuve's fracture of left leg, subsequent encounter for open fracture type IIIA, IIIB, or IIIC with delayed healing"
695,657,334,"Food in larynx causing asphyxiation, sequela"
696,901,686,"Other mechanical complication of other urinary stent, subsequent encounter"
697,317,34,"Contact with electric knife, subsequent encounter"
698,162,970,"Other injury due to other accident to unspecified watercraft, initial encounter"
699,974,271,"Drug-induced chronic gout, right hand, without tophus (tophi)"
700,219,268,"Unspecified superficial injuries of breast, unspecified breast, sequela"
701,449,496,"Other snowboard accident, subsequent encounter"
702,940,178,"Displaced intertrochanteric fracture of right femur, sequela"
703,828,2,"Other exposure to controlled fire in building or structure, sequela"
704,391,851,"External constriction of unspecified eyelid and periocular area, sequela"
705,443,322,"Other fracture of unspecified lower leg, initial encounter for closed fracture"
706,315,675,Rectal fistula
707,576,496,"Nondisplaced transverse fracture of shaft of unspecified femur, subsequent encounter for closed fracture with routine healing"
708,332,777,Unspecified superficial injury of left forearm
709,411,297,Nasal polyp
710,500,788,Other subluxation and dislocation of foot
711,698,15,"Unspecified fracture of upper end of left ulna, initial encounter for open fracture type I or II"
712,515,749,Other injury of small intestine
713,849,802,"Displaced fracture of base of neck of left femur, initial encounter for closed fracture"
714,313,738,"Puncture wound with foreign body of right middle finger with damage to nail, subsequent encounter"
715,727,900,"Pathological fracture, unspecified ankle, subsequent encounter for fracture with delayed healing"
716,156,238,"Unspecified superficial injury of unspecified parts of thorax, initial encounter"
717,965,719,"Corrosion of unspecified degree of lower back, subsequent encounter"
718,227,425,"Laceration of posterior tibial artery, unspecified leg"
719,512,191,Cerebral infarction due to embolism of bilateral carotid arteries
720,431,161,"Nondisplaced other fracture of tuberosity of unspecified calcaneus, subsequent encounter for fracture with delayed healing"
721,859,986,"Other nondisplaced fracture of base of first metacarpal bone, right hand, initial encounter for open fracture"
722,341,769,"Severely displaced Zone II fracture of sacrum, subsequent encounter for fracture with routine healing"
723,594,486,"Other anterior subluxation of right hip, sequela"
724,492,103,"Disorder of amniotic fluid and membranes, unspecified, third trimester, fetus 1"
725,324,603,Corrosions of other specified parts of left eye and adnexa
726,179,354,"Strain of unspecified muscles, fascia and tendons at forearm level, right arm, sequela"
727,422,865,"Poisoning by, adverse effect of and underdosing of unspecified general anesthetics"
728,162,825,"Corrosion of first degree of left scapular region, initial encounter"
729,787,936,Unspecified superficial injury of right wrist
730,41,797,Complete lesion at unspecified level of cervical spinal cord
731,403,609,"Other osteoporosis with current pathological fracture, unspecified hand, subsequent encounter for fracture with nonunion"
732,233,210,"Maternal care for excessive fetal growth, third trimester"
733,504,353,"Other superficial bite of right thigh, initial encounter"
734,279,482,"Nondisplaced segmental fracture of shaft of humerus, right arm, initial encounter for closed fracture"
735,669,223,"Poisoning by benzodiazepines, assault, sequela"
736,793,975,"Chronic periodontitis, localized, unspecified severity"
737,365,163,Other benign neoplasm of skin of other parts of face
738,196,876,"Contact with other nonvenomous amphibians, subsequent encounter"
739,917,526,"Driver of heavy transport vehicle injured in collision with fixed or stationary object in traffic accident, initial encounter"
740,755,679,"Laceration of vein at forearm level, left arm, subsequent encounter"
741,963,255,Superficial foreign body of left thumb
742,804,341,"Passenger in heavy transport vehicle injured in collision with pedestrian or animal in traffic accident, initial encounter"
743,514,442,"Explosion of other specified explosive materials, sequela"
744,459,144,Obstructed labor due to brow presentation
745,800,907,"Nondisplaced segmental fracture of shaft of radius, right arm, initial encounter for open fracture type IIIA, IIIB, or IIIC"
746,664,520,"Exudative age-related macular degeneration, left eye, stage unspecified"
747,106,230,"Open bite of right front wall of thorax without penetration into thoracic cavity, sequela"
748,370,114,"Primary blast injury of lung, bilateral, sequela"
749,769,648,"Nondisplaced fracture of neck of second metacarpal bone, left hand, subsequent encounter for fracture with malunion"
750,198,83,Burn due to localized fire on board other powered watercraft
751,91,333,"Personal history of malignant neoplasm of other sites of lip, oral cavity, and pharynx"
752,440,322,"Keratoconjunctivitis sicca, not specified as Sjogren's"
753,305,800,"Other myositis, right hand"
754,792,431,Other conditions associated with Lyme disease
755,120,731,"Burn of unspecified degree of left knee, subsequent encounter"
756,755,789,"Unspecified open wound of unspecified cheek and temporomandibular area, initial encounter"
757,508,277,Laceration of ascending [right] colon
758,629,304,Insect bite (nonvenomous) of hand
759,153,707,Maternal care for (suspected) chromosomal abnormality in fetus
760,634,449,"Gastric contents in trachea causing asphyxiation, subsequent encounter"
761,907,971,Sleep terrors [night terrors]
762,891,97,"Nondisplaced spiral fracture of shaft of unspecified tibia, subsequent encounter for open fracture type IIIA, IIIB, or IIIC with routine healing"
763,407,532,"Posterior dislocation of proximal end of tibia, unspecified knee, initial encounter"
764,693,320,"Burn of second degree of unspecified wrist, subsequent encounter"
765,492,527,"Nondisplaced transverse fracture of shaft of right fibula, subsequent encounter for open fracture type I or II with delayed healing"
766,476,554,"Chronic multifocal osteomyelitis, unspecified ankle and foot"
767,742,8,"Laceration of unspecified muscle(s) and tendon(s) at lower leg level, right leg, initial encounter"
768,291,555,"Other specified disorders of cartilage, hand"
769,70,763,"Displaced transverse fracture of shaft of left radius, subsequent encounter for open fracture type IIIA, IIIB, or IIIC with routine healing"
770,454,470,Need for assistance at home and no other household member able to render care
771,967,264,"Unspecified occupant of three-wheeled motor vehicle injured in collision with car, pick-up truck or van in nontraffic accident"
772,2,705,Subsequent ST elevation (STEMI) and non-ST elevation (NSTEMI) myocardial infarction
773,314,673,Benign mammary dysplasia
774,591,456,Rheumatoid heart disease with rheumatoid arthritis of left elbow
775,668,15,"Rupture of synovium, left elbow"
776,598,62,"Unspecified injury of other extensor muscle, fascia and tendon at forearm level, right arm, initial encounter"
777,856,851,Hemiplegic migraine
778,339,81,Carotid artery syndrome (hemispheric)
779,885,844,"Injury of radial nerve at wrist and hand level of unspecified arm, subsequent encounter"
780,169,985,Unspecified fracture of left femur
781,217,294,"Laceration of unspecified blood vessel at shoulder and upper arm level, left arm"
782,49,27,"Contact with blunt object, undetermined intent, initial encounter"
783,731,285,"Acute erythroid leukemia, in remission"
784,867,662,"Other serum reaction due to administration of blood and blood products, sequela"
785,767,806,"Toxic effect of unspecified spider venom, accidental (unintentional), sequela"
786,316,156,Other nondisplaced fracture of lower end of unspecified humerus
787,207,39,"Superficial foreign body of other part of head, initial encounter"
788,44,313,Spastic hemiplegia affecting left nondominant side
789,36,731,"Nondisplaced trimalleolar fracture of left lower leg, subsequent encounter for open fracture type IIIA, IIIB, or IIIC with routine healing"
790,999,154,"Enteropathic arthropathies, left wrist"
791,348,629,Malignant neoplasm of vertebral column
792,943,59,"Mantle cell lymphoma, intra-abdominal lymph nodes"
793,91,599,Unspecified open wound of left back wall of thorax with penetration into thoracic cavity
794,151,485,"Striking against other stationary object, sequela"
795,564,309,Displaced segmental fracture of shaft of left fibula
796,222,694,"Displaced fracture of neck of second metacarpal bone, right hand, initial encounter for closed fracture"
797,679,149,Dissection of aorta
798,189,845,"Meningococcal carditis, unspecified"
799,591,708,"Other extraarticular fracture of lower end of right radius, subsequent encounter for closed fracture with malunion"
800,95,981,"Unspecified dislocation of left sternoclavicular joint, sequela"
801,796,237,"Displaced fracture of cuboid bone of left foot, sequela"
802,787,820,Enlargement of left orbit
803,784,597,"Unspecified pre-existing diabetes mellitus in pregnancy, first trimester"
804,815,41,"Laceration of other specified muscles, fascia and tendons at thigh level, unspecified thigh, sequela"
805,795,220,"Poisoning by other agents primarily affecting the cardiovascular system, assault, initial encounter"
806,63,74,Non-pressure chronic ulcer of left heel and midfoot with necrosis of muscle
807,15,414,Other vascular disorders of intestine
808,537,890,Scarring of conjunctiva
809,192,365,"War operations involving explosion of improvised explosive device [IED], civilian"
810,370,656,"Pathological fracture, unspecified toe(s), sequela"
811,137,156,"Laceration of extensor muscle, fascia and tendon of left little finger at forearm level, subsequent encounter"
812,2,51,Abnormal immunological findings in cerebrospinal fluid
813,259,67,"Burn of unspecified degree of nose (septum), subsequent encounter"
814,191,913,"Displaced fracture of medial wall of right acetabulum, subsequent encounter for fracture with delayed healing"
815,776,223,"Intervertebral disc disorders with myelopathy, lumbar region"
816,313,742,"Glaucomatous optic atrophy, left eye"
817,98,858,"Unspecified injury of heart with hemopericardium, initial encounter"
818,854,357,"Acute paralytic poliomyelitis, wild virus, imported"
819,934,962,"Xanthelasma of left eye, unspecified eyelid"
820,320,365,Intraoperative cardiac functional disturbances
821,357,648,"Displaced spiral fracture of shaft of unspecified tibia, subsequent encounter for open fracture type I or II with nonunion"
822,504,884,"Legal intervention involving other blunt objects, bystander injured, sequela"
823,643,935,"Driver of three-wheeled motor vehicle injured in noncollision transport accident in nontraffic accident, initial encounter"
824,134,50,"Nondisplaced bimalleolar fracture of right lower leg, subsequent encounter for open fracture type IIIA, IIIB, or IIIC with delayed healing"
825,389,305,Injury of cauda equina
826,694,727,"Complete lesion of L5 level of lumbar spinal cord, initial encounter"
827,116,551,Non-pressure chronic ulcer of unspecified heel and midfoot with fat layer exposed
828,524,736,Type 2 diabetes mellitus with other specified complications
829,999,517,"Displaced supracondylar fracture with intracondylar extension of lower end of unspecified femur, initial encounter for open fracture type IIIA, IIIB, or IIIC"
830,755,993,"Displaced Maisonneuve's fracture of unspecified leg, subsequent encounter for open fracture type I or II with malunion"
831,326,729,"Other specified complication of nervous system prosthetic devices, implants and grafts"
832,809,629,"Other reactive arthropathies, unspecified elbow"
833,884,412,"Poisoning by unspecified agents primarily affecting the gastrointestinal system, assault, sequela"
834,88,911,"Unspecified retained (old) intraocular foreign body, magnetic, unspecified eye"
835,266,752,"Type 2 diabetes mellitus with moderate nonproliferative diabetic retinopathy with macular edema, unspecified eye"
836,467,16,"Other injury of other extensor muscle, fascia and tendon at forearm level, left arm"
837,590,655,"Infection of amniotic sac and membranes, unspecified, third trimester, fetus 3"
838,893,792,"Osteonecrosis in diseases classified elsewhere, unspecified thigh"
839,635,257,"Incarcerated fracture (avulsion) of medial epicondyle of unspecified humerus, subsequent encounter for fracture with malunion"
840,906,635,"Unspecified injury of lung, bilateral, subsequent encounter"
841,316,674,"Nondisplaced comminuted fracture of unspecified patella, subsequent encounter for closed fracture with routine healing"
842,234,962,"Displaced unspecified condyle fracture of lower end of unspecified femur, subsequent encounter for open fracture type IIIA, IIIB, or IIIC with nonunion"
843,653,336,"Unspecified injury of fallopian tube, unilateral, initial encounter"
844,29,825,Partial traumatic amputation of unspecified midfoot
845,761,27,Unspecified contracted kidney
846,786,63,"Other burn on board passenger vessel, subsequent encounter"
847,354,54,Urethrocele
848,221,166,"Puncture wound without foreign body, left thigh"
849,159,596,Neonatal cutaneous hemorrhage
850,208,226,"Nondisplaced transverse fracture of shaft of right tibia, subsequent encounter for closed fracture with malunion"
851,64,532,"Blister (nonthermal), unspecified great toe, subsequent encounter"
852,21,649,"War operations involving explosion of unspecified marine weapon, civilian, sequela"
853,889,212,"Toxic effect of unspecified halogen derivatives of aliphatic and aromatic hydrocarbons, accidental (unintentional)"
854,360,574,Other physeal fracture of lower end of right tibia
855,948,768,Puncture wound with foreign body of other specified part of neck
856,718,600,"Contusion of unspecified ring finger without damage to nail, initial encounter"
857,325,216,"Nondisplaced fracture of trapezium [larger multangular], unspecified wrist, sequela"
858,806,79,"Toxic effect of nitroglycerin and other nitric acids and esters, assault, sequela"
859,788,751,"Displaced fracture of coracoid process, unspecified shoulder, subsequent encounter for fracture with delayed healing"
860,662,334,"Extrapyramidal and movement disorder, unspecified"
861,550,393,"Unspecified superficial injury of left thigh, subsequent encounter"
862,50,720,"Nondisplaced intertrochanteric fracture of left femur, subsequent encounter for closed fracture with malunion"
863,920,267,Atherosclerosis of native arteries of other extremities with ulceration
864,777,669,"Maternal care for Anti-A sensitization, first trimester, fetus 3"
865,39,71,"Nondisplaced fracture of lateral end of left clavicle, sequela"
866,353,846,Benign neoplasm of other and unspecified female genital organs
867,270,912,"Follicular lymphoma grade III, unspecified, intrathoracic lymph nodes"
868,640,4,Occupant of railway train or railway vehicle injured in collision with or hit by rolling stock
869,185,347,"Person on outside of pick-up truck or van injured in collision with two- or three-wheeled motor vehicle in nontraffic accident, initial encounter"
870,340,863,Other gonococcal genitourinary infections
871,222,382,"Sudden visual loss, unspecified eye"
872,531,602,Displaced fracture of head of unspecified radius
873,849,942,Peripheral vascular angioplasty status
874,415,207,"Child physical abuse, confirmed, subsequent encounter"
875,615,408,"Macular keratitis, right eye"
876,987,614,"Secondary corneal edema, left eye"
877,680,970,Unspecified motorcycle rider injured in collision with other motor vehicles in traffic accident
878,732,67,"Reiter's disease, left ankle and foot"
879,902,630,"Sacrococcygeal disorders, not elsewhere classified"
880,44,662,"Dislocation of metatarsophalangeal joint of left great toe, sequela"
881,794,699,"Torus fracture of lower end of left ulna, subsequent encounter for fracture with nonunion"
882,778,612,"Person boarding or alighting a heavy transport vehicle injured in collision with fixed or stationary object, subsequent encounter"
883,657,32,Displaced fracture of middle third of navicular [scaphoid] bone of left wrist
884,393,549,"Displacement of bile duct prosthesis, subsequent encounter"
885,241,215,Abrasion of unspecified hand
886,349,983,"Other physeal fracture of upper end of right fibula, sequela"
887,326,526,"Salter-Harris Type II physeal fracture of upper end of humerus, left arm, subsequent encounter for fracture with routine healing"
888,958,500,"Displaced fracture of lesser trochanter of right femur, sequela"
889,255,419,"Other specified injury of peroneal artery, left leg, subsequent encounter"
890,246,551,Shigellosis due to Shigella flexneri
891,798,212,"Other specified injury of peroneal artery, left leg"
892,430,684,"Other infective bursitis, right shoulder"
893,664,349,"Nondisplaced fracture of greater trochanter of right femur, subsequent encounter for closed fracture with malunion"
894,79,53,"Unspecified traumatic displaced spondylolisthesis of fifth cervical vertebra, subsequent encounter for fracture with nonunion"
895,453,759,Acute slipped upper femoral epiphysis (nontraumatic)
896,453,621,Neurologic neglect syndrome
897,457,785,"Contusion of unspecified external genital organ, female"
898,421,235,Traumatic subdural hemorrhage
899,160,881,Exfoliation due to erythematous condition involving 60-69 percent of body surface
900,775,196,"Poisoning by unspecified primarily systemic and hematological agent, undetermined, subsequent encounter"
901,886,206,"Labor and delivery complicated by vasa previa, not applicable or unspecified"
902,165,135,Carbuncle of right hand
903,259,657,"Insect bite (nonvenomous), left hip"
904,787,438,Cellulitis and acute lymphangitis of face
905,381,771,Allergic contact dermatitis due to dyes
906,130,207,"Nondisplaced transverse fracture of shaft of right fibula, subsequent encounter for open fracture type IIIA, IIIB, or IIIC with routine healing"
907,467,61,Gastric contents in trachea causing asphyxiation
908,390,991,Other superficial bite of fingers
909,215,538,"Poisoning by androgens and anabolic congeners, undetermined"
910,659,394,"Pathological fracture in neoplastic disease, unspecified site, subsequent encounter for fracture with routine healing"
911,84,539,"Contusion of left back wall of thorax, sequela"
912,234,663,"Other fracture of upper and lower end of right fibula, subsequent encounter for open fracture type I or II with delayed healing"
913,912,224,"Other fracture of T11-T12 vertebra, initial encounter for closed fracture"
914,713,330,"Corrosion of unspecified degree of multiple right fingers (nail), not including thumb, sequela"
915,732,597,"Displaced unspecified condyle fracture of lower end of right femur, initial encounter for closed fracture"
916,748,1,"Salter-Harris Type II physeal fracture of lower end of right fibula, initial encounter for closed fracture"
917,191,767,"Corrosion of first degree of unspecified ear [any part, except ear drum]"
918,414,13,Corrosion of second degree of multiple sites of wrist and hand
919,315,400,Other infectious mononucleosis with meningitis
920,446,522,"Traumatic vasospastic syndrome, sequela"
921,47,829,Encounter for screening for infectious and parasitic diseases
922,68,829,Traumatic subdural hemorrhage with loss of consciousness of any duration with death due to other cause before regaining consciousness
923,540,504,"Dislocation of jaw, left side"
924,298,158,Other hereditary ataxias
925,737,922,Person injured in collision between car and heavy transport vehicle (traffic)
926,224,943,"Pedal cyclist (driver) (passenger) injured in other specified transport accidents, sequela"
927,118,297,Failure in dosage during surgical and medical care
928,136,593,"Fracture of corpus cavernosum penis, sequela"
929,982,982,"Laceration without foreign body of unspecified external genital organs, female, sequela"
930,921,604,"Type III traumatic spondylolisthesis of seventh cervical vertebra, initial encounter for closed fracture"
931,747,836,Traumatic rupture of palmar ligament of right index finger at metacarpophalangeal and interphalangeal joint
932,602,946,"Fracture of unspecified phalanx of unspecified thumb, subsequent encounter for fracture with delayed healing"
933,71,59,Drowning and submersion due to fall off sailboat
934,211,598,"Poisoning by dental drugs, topically applied, undetermined, sequela"
935,704,469,Acute stress reaction
936,396,210,"Unspecified physeal fracture of left metatarsal, initial encounter for open fracture"
937,649,383,"Underdosing of iron and its compounds, subsequent encounter"
938,149,915,Dry eye syndrome of right lacrimal gland
939,425,888,"Congenital absence of both forearm and hand, bilateral"
940,849,316,"Toxic effect of contact with venomous frog, undetermined, initial encounter"
941,923,293,"Other fracture of shaft of unspecified tibia, initial encounter for open fracture type I or II"
942,515,636,"Displaced fracture of proximal phalanx of left little finger, subsequent encounter for fracture with malunion"
943,500,862,Encounter for screening for malignant neoplasm of other genitourinary organs
944,906,403,"Unspecified injury of unspecified blood vessel at hip and thigh level, right leg"
945,896,349,"Fracture of left shoulder girdle, part unspecified, subsequent encounter for fracture with malunion"
946,82,956,"Strain of muscle and tendon of long extensor muscle of toe at ankle and foot level, left foot, subsequent encounter"
947,266,430,"Hypertrophy of bone, right radius"
948,377,366,Ectopic anus
949,860,43,Personal history of contraception
950,26,465,"Other secondary osteonecrosis, right hand"
951,958,37,"Unspecified injury of superficial vein at shoulder and upper arm level, left arm, initial encounter"
952,620,150,"Unspecified fracture of fifth metacarpal bone, left hand"
953,507,472,Sprain of acromioclavicular joint
954,991,695,"Unspecified open wound of left cheek and temporomandibular area, subsequent encounter"
955,376,696,"Nondisplaced oblique fracture of shaft of unspecified radius, initial encounter for open fracture type IIIA, IIIB, or IIIC"
956,583,324,"Acute hematogenous osteomyelitis, tibia and fibula"
957,810,574,"Osteonecrosis due to previous trauma, tibia and fibula"
958,617,352,"Other specified disorders of amniotic fluid and membranes, second trimester, fetus 4"
959,972,330,"Congenital kyphosis, thoracolumbar region"
960,591,772,Other secondary syphilis
961,169,687,"Continuing pregnancy after elective fetal reduction of one fetus or more, second trimester, fetus 1"
962,549,93,"Contusion of left eyelid and periocular area, initial encounter"
963,551,105,"Displaced midcervical fracture of right femur, subsequent encounter for closed fracture with routine healing"
964,509,730,"Sprain of interphalangeal joint of unspecified great toe, subsequent encounter"
965,607,898,"Burn of unspecified degree of unspecified foot, subsequent encounter"
966,139,858,"Displaced osteochondral fracture of left patella, subsequent encounter for closed fracture with nonunion"
967,580,484,"Other stimulant use, unspecified with stimulant-induced psychotic disorder with delusions"
968,27,479,Unspecified disorder of eye and adnexa
969,396,263,"Nondisplaced trimalleolar fracture of left lower leg, subsequent encounter for open fracture type I or II with malunion"
970,244,420,Streptococcal pharyngitis
971,923,829,"Fracture of unspecified part of neck of right femur, subsequent encounter for open fracture type I or II with malunion"
972,509,328,"Adverse effect of analeptics and opioid receptor antagonists, sequela"
973,694,466,"Motorcycle passenger injured in collision with pedestrian or animal in nontraffic accident, initial encounter"
974,690,309,Toxic effect of contact with venomous marine plant
975,683,997,"Smith's fracture of unspecified radius, subsequent encounter for closed fracture with malunion"
976,587,232,"Displaced fracture of olecranon process with intraarticular extension of unspecified ulna, subsequent encounter for open fracture type I or II with nonunion"
977,103,138,Pedestrian injured in unspecified transport accident
978,735,499,"Pedal cycle driver injured in collision with railway train or railway vehicle in traffic accident, subsequent encounter"
979,280,474,"Nondisplaced fracture of posterior process of left talus, subsequent encounter for fracture with routine healing"
980,270,712,"False labor before 37 completed weeks of gestation, second trimester"
981,696,530,"Abscess of tendon sheath, forearm"
982,787,206,Other congenital malformations of skull and face bones
983,619,667,"Disorder of thyroid, unspecified"
984,113,566,"Puncture wound without foreign body of right index finger with damage to nail, sequela"
985,705,913,"Spontaneous rupture of extensor tendons, forearm"
986,483,689,"Fall down embankment (hill), sequela"
987,638,134,"Fall on same level from slipping, tripping and stumbling without subsequent striking against object, sequela"
988,726,693,"Animal-rider injured in collision with other nonmotor vehicles, sequela"
989,665,801,Syphilis of kidney and ureter
990,405,795,"Fall into unspecified water causing drowning and submersion, sequela"
991,50,86,"Unspecified superficial injury of right thigh, initial encounter"
992,72,804,"Subluxation of unspecified scapula, sequela"
993,337,198,"Unspecified injury of unspecified blood vessel at wrist and hand level of left arm, subsequent encounter"
994,531,847,"Salter-Harris Type IV physeal fracture of upper end of radius, left arm, subsequent encounter for fracture with malunion"
995,712,489,"Laceration of extensor muscle, fascia and tendon of right index finger at forearm level, sequela"
996,241,233,Selective deficiency of immunoglobulin A [IgA]
997,685,930,"Nondisplaced transverse fracture of shaft of right femur, subsequent encounter for closed fracture with delayed healing"
998,852,912,"Nondisplaced fracture of anterior process of right calcaneus, sequela"
999,507,202,"Localized salmonella infection, unspecified"
1000,530,299,"Displaced oblique fracture of shaft of unspecified femur, subsequent encounter for open fracture type IIIA, IIIB, or IIIC with nonunion"
